method,modality,privacy_mode,roc_auc,pr_auc,fpr_at_95_recall,brier,ece_15,accuracy,precision,recall,tp,fp,tn,fn,n,client_id,seed
fedavg_plain,multimodal,none,0.9432661717921528,0.9548836244691951,0.2926829268292683,0.0998119141840433,0.09306446626479538,0.8505747126436781,0.9024390243902439,0.8043478260869565,37,4,37,9,87,0,31
fedavg_plain,multimodal,none,0.9686895551257254,0.9713142577215295,0.18181818181818182,0.0690773546752882,0.07374918201085603,0.9230769230769231,0.9347826086956522,0.9148936170212766,86,6,82,8,182,1,31
fedavg_plain,multimodal,none,0.9494812252964426,0.9429525932480337,0.19318181818181818,0.09732347857580975,0.09632125424545893,0.8722222222222222,0.948051948051948,0.7934782608695652,73,4,84,19,180,3,31
fedavg_plain,multimodal,none,0.940222358638565,0.9361371994962787,0.23941068139963168,0.1067873901858516,0.09119472736368255,0.8559556786703602,0.8076923076923077,0.9333333333333333,504,120,423,36,1083,6,31
fedavg_plain,multimodal,none,0.9619349230004968,0.9574102703015241,0.12121212121212122,0.08093916543160566,0.0900119387407411,0.8976377952755905,0.8809523809523809,0.9098360655737705,111,15,117,11,254,8,31
fedavg_plain,multimodal,none,0.9583333333333334,0.9484126984126984,0.125,0.10158457666911147,0.2062850554462144,0.8571428571428571,0.75,1.0,6,2,6,0,14,9,31
fedprox_plain,multimodal,none,0.9432661717921528,0.9548836244691951,0.2926829268292683,0.09983457279800298,0.0931244329946501,0.8505747126436781,0.9024390243902439,0.8043478260869565,37,4,37,9,87,0,31
fedprox_plain,multimodal,none,0.9686895551257254,0.9713142577215295,0.18181818181818182,0.06909164493135364,0.07380159083584904,0.9230769230769231,0.9347826086956522,0.9148936170212766,86,6,82,8,182,1,31
fedprox_plain,multimodal,none,0.9494812252964426,0.9429525932480337,0.19318181818181818,0.09733965251019383,0.09637424875904019,0.8722222222222222,0.948051948051948,0.7934782608695652,73,4,84,19,180,3,31
fedprox_plain,multimodal,none,0.9402360002728327,0.9361630206024413,0.23941068139963168,0.10678289637396633,0.0911647456190033,0.8568790397045245,0.8089887640449438,0.9333333333333333,504,119,424,36,1083,6,31
fedprox_plain,multimodal,none,0.9619349230004968,0.9574102703015241,0.12121212121212122,0.08093587733851276,0.09002441432188046,0.8976377952755905,0.8809523809523809,0.9098360655737705,111,15,117,11,254,8,31
fedprox_plain,multimodal,none,0.9583333333333334,0.9484126984126984,0.125,0.10156170656020704,0.20629558574044257,0.8571428571428571,0.75,1.0,6,2,6,0,14,9,31
fedavg_secureagg_sim,multimodal,none,0.9432661717921528,0.9548836244691951,0.2926829268292683,0.09981191418404341,0.09306446626479574,0.8505747126436781,0.9024390243902439,0.8043478260869565,37,4,37,9,87,0,31
fedavg_secureagg_sim,multimodal,none,0.9686895551257254,0.9713142577215295,0.18181818181818182,0.06907735467528822,0.07374918201085597,0.9230769230769231,0.9347826086956522,0.9148936170212766,86,6,82,8,182,1,31
fedavg_secureagg_sim,multimodal,none,0.9494812252964426,0.9429525932480337,0.19318181818181818,0.09732347857581021,0.0963212542454597,0.8722222222222222,0.948051948051948,0.7934782608695652,73,4,84,19,180,3,31
fedavg_secureagg_sim,multimodal,none,0.940222358638565,0.9361371994962787,0.23941068139963168,0.10678739018585108,0.09119472736368081,0.8559556786703602,0.8076923076923077,0.9333333333333333,504,120,423,36,1083,6,31
fedavg_secureagg_sim,multimodal,none,0.9619349230004968,0.9574102703015241,0.12121212121212122,0.0809391654316054,0.09001193874074012,0.8976377952755905,0.8809523809523809,0.9098360655737705,111,15,117,11,254,8,31
fedavg_secureagg_sim,multimodal,none,0.9583333333333334,0.9484126984126984,0.125,0.1015845766691106,0.20628505544621287,0.8571428571428571,0.75,1.0,6,2,6,0,14,9,31
fedavg_quantized_transport_proxy,multimodal,none,0.9432661717921528,0.9548836244691951,0.2926829268292683,0.0998119157261553,0.09306445448678823,0.8505747126436781,0.9024390243902439,0.8043478260869565,37,4,37,9,87,0,31
fedavg_quantized_transport_proxy,multimodal,none,0.9686895551257254,0.9713142577215295,0.18181818181818182,0.06907735263549342,0.07374916318615347,0.9230769230769231,0.9347826086956522,0.9148936170212766,86,6,82,8,182,1,31
fedavg_quantized_transport_proxy,multimodal,none,0.9494812252964426,0.9429525932480337,0.19318181818181818,0.09732348506585765,0.09632127101460036,0.8722222222222222,0.948051948051948,0.7934782608695652,73,4,84,19,180,3,31
fedavg_quantized_transport_proxy,multimodal,none,0.940222358638565,0.9361371994962787,0.23941068139963168,0.10678737524472047,0.09119468012902156,0.8559556786703602,0.8076923076923077,0.9333333333333333,504,120,423,36,1083,6,31
fedavg_quantized_transport_proxy,multimodal,none,0.9619349230004968,0.9574102703015241,0.12121212121212122,0.08093914944178293,0.09001188652696618,0.8976377952755905,0.8809523809523809,0.9098360655737705,111,15,117,11,254,8,31
fedavg_quantized_transport_proxy,multimodal,none,0.9583333333333334,0.9484126984126984,0.125,0.10158454534712479,0.20628500086161453,0.8571428571428571,0.75,1.0,6,2,6,0,14,9,31
fedavg_plain,multimodal,none,0.9030812324929972,0.9190111789767355,0.4857142857142857,0.14902670986069566,0.12670278116896458,0.78125,0.9069767441860465,0.6554621848739496,78,8,97,41,224,0,37
fedavg_plain,multimodal,none,0.9625,0.9733333333333333,0.25,0.10083063298267979,0.14636276894891811,0.8333333333333334,0.8888888888888888,0.8,8,1,7,2,18,1,37
fedavg_plain,multimodal,none,0.9270833333333333,0.9618720227105105,0.4166666666666667,0.1690063083299747,0.2209064016298527,0.6666666666666666,0.9285714285714286,0.5416666666666666,13,1,11,11,36,2,37
fedavg_plain,multimodal,none,0.9423507327990758,0.9470792525823697,0.30246913580246915,0.1042519626080645,0.08402485033915134,0.8468468468468469,0.9166666666666666,0.7719298245614035,132,12,150,39,333,3,37
fedavg_plain,multimodal,none,0.8405797101449275,0.7758648746139789,0.4666666666666667,0.17859957000060078,0.18426073883679617,0.7358490566037735,0.7647058823529411,0.5652173913043478,13,4,26,10,53,4,37
fedavg_plain,multimodal,none,0.948194383961549,0.9535537731822177,0.30120481927710846,0.09063410472343748,0.03717558332085816,0.8815261044176707,0.905982905982906,0.8514056224899599,212,22,227,37,498,5,37
fedavg_plain,multimodal,none,0.9386324786324787,0.9064482728602232,0.23931623931623933,0.09707556552906348,0.04649631012357076,0.8755760368663594,0.8686868686868687,0.86,86,13,104,14,217,6,37
fedavg_plain,multimodal,none,0.8961364293284517,0.9037696869831,0.5700934579439252,0.1325575457677876,0.0821153420125312,0.7843137254901961,0.8533333333333334,0.6597938144329897,64,11,96,33,204,7,37
fedavg_plain,multimodal,none,0.83399209486166,0.752171466129689,0.48484848484848486,0.19165105907791435,0.17906713035734093,0.7142857142857143,0.7692307692307693,0.43478260869565216,10,3,30,13,56,8,37
fedavg_plain,multimodal,none,0.9491341991341992,0.9561747863175676,0.2987012987012987,0.13022758730907316,0.14504289957818875,0.8074534161490683,0.9491525423728814,0.6666666666666666,56,3,74,28,161,9,37
fedprox_plain,multimodal,none,0.9030812324929972,0.9190111789767355,0.4857142857142857,0.14903889171181348,0.12669215825832417,0.78125,0.9069767441860465,0.6554621848739496,78,8,97,41,224,0,37
fedprox_plain,multimodal,none,0.9625,0.9733333333333333,0.25,0.1008292194312691,0.14640976506127118,0.8333333333333334,0.8888888888888888,0.8,8,1,7,2,18,1,37
fedprox_plain,multimodal,none,0.9270833333333333,0.9618720227105105,0.4166666666666667,0.16903436605903074,0.22095935737556277,0.6944444444444444,1.0,0.5416666666666666,13,0,12,11,36,2,37
fedprox_plain,multimodal,none,0.9423507327990758,0.9470792525823697,0.30246913580246915,0.1042620264431905,0.08408389327600564,0.8468468468468469,0.9166666666666666,0.7719298245614035,132,12,150,39,333,3,37
fedprox_plain,multimodal,none,0.8405797101449275,0.7758648746139789,0.4666666666666667,0.1785691753629896,0.184260078756369,0.7358490566037735,0.7647058823529411,0.5652173913043478,13,4,26,10,53,4,37
fedprox_plain,multimodal,none,0.9481621264173159,0.9534965243128963,0.30120481927710846,0.09064325715438729,0.037216745962442316,0.8815261044176707,0.905982905982906,0.8514056224899599,212,22,227,37,498,5,37
fedprox_plain,multimodal,none,0.9387179487179488,0.906494866840281,0.23931623931623933,0.0970602609004631,0.04652701673253956,0.8755760368663594,0.8686868686868687,0.86,86,13,104,14,217,6,37
fedprox_plain,multimodal,none,0.8961364293284517,0.9037696869831,0.5700934579439252,0.13255481059093743,0.0821011966955921,0.7843137254901961,0.8533333333333334,0.6597938144329897,64,11,96,33,204,7,37
fedprox_plain,multimodal,none,0.83399209486166,0.752171466129689,0.48484848484848486,0.19163988748108043,0.17901603759035342,0.7142857142857143,0.7692307692307693,0.43478260869565216,10,3,30,13,56,8,37
fedprox_plain,multimodal,none,0.9491341991341992,0.9561747863175676,0.2987012987012987,0.13024676436625235,0.15668699552522727,0.8074534161490683,0.9491525423728814,0.6666666666666666,56,3,74,28,161,9,37
fedavg_secureagg_sim,multimodal,none,0.9030812324929972,0.9190111789767355,0.4857142857142857,0.14902670986069635,0.12670278116896613,0.78125,0.9069767441860465,0.6554621848739496,78,8,97,41,224,0,37
fedavg_secureagg_sim,multimodal,none,0.9625,0.9733333333333333,0.25,0.10083063298267984,0.1463627689489183,0.8333333333333334,0.8888888888888888,0.8,8,1,7,2,18,1,37
fedavg_secureagg_sim,multimodal,none,0.9270833333333333,0.9618720227105105,0.4166666666666667,0.1690063083299761,0.2209064016298549,0.6666666666666666,0.9285714285714286,0.5416666666666666,13,1,11,11,36,2,37
fedavg_secureagg_sim,multimodal,none,0.9423507327990758,0.9470792525823697,0.30246913580246915,0.10425196260806482,0.08402485033915222,0.8468468468468469,0.9166666666666666,0.7719298245614035,132,12,150,39,333,3,37
fedavg_secureagg_sim,multimodal,none,0.8405797101449275,0.7758648746139789,0.4666666666666667,0.1785995700006008,0.18426073883679672,0.7358490566037735,0.7647058823529411,0.5652173913043478,13,4,26,10,53,4,37
fedavg_secureagg_sim,multimodal,none,0.948194383961549,0.9535537731822177,0.30120481927710846,0.09063410472343764,0.03717558332085792,0.8815261044176707,0.905982905982906,0.8514056224899599,212,22,227,37,498,5,37
fedavg_secureagg_sim,multimodal,none,0.9386324786324787,0.9064482728602232,0.23931623931623933,0.09707556552906331,0.046496310123570674,0.8755760368663594,0.8686868686868687,0.86,86,13,104,14,217,6,37
fedavg_secureagg_sim,multimodal,none,0.8961364293284517,0.9037696869831,0.5700934579439252,0.13255754576778783,0.08211534201253218,0.7843137254901961,0.8533333333333334,0.6597938144329897,64,11,96,33,204,7,37
fedavg_secureagg_sim,multimodal,none,0.83399209486166,0.752171466129689,0.48484848484848486,0.19165105907791505,0.17906713035734212,0.7142857142857143,0.7692307692307693,0.43478260869565216,10,3,30,13,56,8,37
fedavg_secureagg_sim,multimodal,none,0.9491341991341992,0.9561747863175676,0.2987012987012987,0.1302275873090739,0.1450428995781897,0.8074534161490683,0.9491525423728814,0.6666666666666666,56,3,74,28,161,9,37
fedavg_quantized_transport_proxy,multimodal,none,0.9030812324929972,0.9190111789767355,0.4857142857142857,0.14902671818602015,0.1267027867297972,0.78125,0.9069767441860465,0.6554621848739496,78,8,97,41,224,0,37
fedavg_quantized_transport_proxy,multimodal,none,0.9625,0.9733333333333333,0.25,0.10083064659064624,0.1463628055801208,0.8333333333333334,0.8888888888888888,0.8,8,1,7,2,18,1,37
fedavg_quantized_transport_proxy,multimodal,none,0.9270833333333333,0.9618720227105105,0.4166666666666667,0.16900632965690876,0.2209064327499299,0.6666666666666666,0.9285714285714286,0.5416666666666666,13,1,11,11,36,2,37
fedavg_quantized_transport_proxy,multimodal,none,0.9423507327990758,0.9470792525823697,0.30246913580246915,0.10425196119180534,0.08402486863793902,0.8468468468468469,0.9166666666666666,0.7719298245614035,132,12,150,39,333,3,37
fedavg_quantized_transport_proxy,multimodal,none,0.8405797101449275,0.7758648746139789,0.4666666666666667,0.1785995505231082,0.18426073805520055,0.7358490566037735,0.7647058823529411,0.5652173913043478,13,4,26,10,53,4,37
fedavg_quantized_transport_proxy,multimodal,none,0.948194383961549,0.9535537731822177,0.30120481927710846,0.09063410785285923,0.0371755953367237,0.8815261044176707,0.905982905982906,0.8514056224899599,212,22,227,37,498,5,37
fedavg_quantized_transport_proxy,multimodal,none,0.9386324786324787,0.9064482728602232,0.23931623931623933,0.09707554151563945,0.04649631362360865,0.8755760368663594,0.8686868686868687,0.86,86,13,104,14,217,6,37
fedavg_quantized_transport_proxy,multimodal,none,0.8961364293284517,0.9037696869831,0.5700934579439252,0.1325575445380279,0.08211533616934245,0.7843137254901961,0.8533333333333334,0.6597938144329897,64,11,96,33,204,7,37
fedavg_quantized_transport_proxy,multimodal,none,0.83399209486166,0.752171466129689,0.48484848484848486,0.19165105198592736,0.17906711309656922,0.7142857142857143,0.7692307692307693,0.43478260869565216,10,3,30,13,56,8,37
fedavg_quantized_transport_proxy,multimodal,none,0.9491341991341992,0.9561747863175676,0.2987012987012987,0.13022759994768068,0.14504293302354712,0.8074534161490683,0.9491525423728814,0.6666666666666666,56,3,74,28,161,9,37
fedavg_plain,multimodal,none,0.863961038961039,0.8709829597239478,0.5378787878787878,0.15583526150483148,0.08483134948913157,0.7610294117647058,0.8151260504201681,0.6928571428571428,97,22,110,43,272,0,41
fedavg_plain,multimodal,none,0.75,0.8583333333333332,0.75,0.20152181789176193,0.2948123176388479,0.6666666666666666,0.75,0.6,3,1,3,2,9,1,41
fedavg_plain,multimodal,none,1.0,1.0,0.0,0.14356993929599088,0.26264785062731755,0.6666666666666666,0.5,1.0,1,1,1,0,3,2,41
fedavg_plain,multimodal,none,0.8368445692883895,0.8227849574885371,0.550561797752809,0.17481221709740363,0.1415354852661194,0.7567567567567568,0.8,0.7083333333333334,68,17,72,28,185,3,41
fedavg_plain,multimodal,none,0.7486631016042781,0.7342232277526395,1.0,0.21678856534984667,0.162767240848826,0.6666666666666666,0.6666666666666666,0.47058823529411764,8,4,18,9,39,4,41
fedavg_plain,multimodal,none,0.9483573577092855,0.9513421932773553,0.27044025157232704,0.08629474048191482,0.037380646362867614,0.8875,0.8881987577639752,0.8881987577639752,143,18,141,18,320,5,41
fedavg_plain,multimodal,none,0.8959922430510666,0.8949013200108334,0.4065934065934066,0.13194910927086495,0.073241936862689,0.8011363636363636,0.7808988764044944,0.8176470588235294,139,39,143,31,352,6,41
fedavg_plain,multimodal,none,0.8960867265996827,0.9003838713966227,0.45161290322580644,0.14707052667904327,0.12368778230998943,0.8211382113821138,0.9333333333333333,0.6885245901639344,42,3,59,19,123,7,41
fedavg_plain,multimodal,none,0.927663734115347,0.9392085718819714,0.3484848484848485,0.11584882394765517,0.09672903322587396,0.859375,0.9782608695652174,0.7258064516129032,45,1,65,17,128,8,41
fedavg_plain,multimodal,none,0.8674266909561027,0.8748224462596831,0.5164835164835165,0.151685873738128,0.07368180373350353,0.7723577235772358,0.7845303867403315,0.7593582887700535,142,39,143,45,369,9,41
fedprox_plain,multimodal,none,0.8640151515151515,0.8710179707958252,0.5378787878787878,0.15582896900379553,0.08481302198963192,0.7610294117647058,0.8151260504201681,0.6928571428571428,97,22,110,43,272,0,41
fedprox_plain,multimodal,none,0.75,0.8583333333333332,0.75,0.2014285836326356,0.2947395463547961,0.6666666666666666,0.75,0.6,3,1,3,2,9,1,41
fedprox_plain,multimodal,none,1.0,1.0,0.0,0.1433768067347945,0.2626320958396111,0.6666666666666666,0.5,1.0,1,1,1,0,3,2,41
fedprox_plain,multimodal,none,0.8368445692883895,0.8227849574885371,0.550561797752809,0.1747751984085348,0.14150259045642943,0.7567567567567568,0.8,0.7083333333333334,68,17,72,28,185,3,41
fedprox_plain,multimodal,none,0.7486631016042781,0.7342232277526395,1.0,0.21674387238521903,0.16270676345355745,0.6666666666666666,0.6666666666666666,0.47058823529411764,8,4,18,9,39,4,41
fedprox_plain,multimodal,none,0.9483573577092855,0.9513421932773553,0.27044025157232704,0.0862992096372626,0.03866052647403934,0.8875,0.8881987577639752,0.8881987577639752,143,18,141,18,320,5,41
fedprox_plain,multimodal,none,0.8960245636716225,0.8949276760077777,0.4065934065934066,0.13194204216991262,0.07360265410881973,0.8011363636363636,0.7808988764044944,0.8176470588235294,139,39,143,31,352,6,41
fedprox_plain,multimodal,none,0.8960867265996827,0.9003838713966227,0.45161290322580644,0.1470761756089471,0.12479292397824802,0.8211382113821138,0.9333333333333333,0.6885245901639344,42,3,59,19,123,7,41
fedprox_plain,multimodal,none,0.927663734115347,0.9392085718819714,0.3484848484848485,0.11586005395727322,0.09673543527102356,0.859375,0.9782608695652174,0.7258064516129032,45,1,65,17,128,8,41
fedprox_plain,multimodal,none,0.8673973085737792,0.8748197440501433,0.5164835164835165,0.1516805105684332,0.07363171131417921,0.7723577235772358,0.7845303867403315,0.7593582887700535,142,39,143,45,369,9,41
fedavg_secureagg_sim,multimodal,none,0.863961038961039,0.8709829597239478,0.5378787878787878,0.15583526150483137,0.08483134948913218,0.7610294117647058,0.8151260504201681,0.6928571428571428,97,22,110,43,272,0,41
fedavg_secureagg_sim,multimodal,none,0.75,0.8583333333333332,0.75,0.2015218178917622,0.2948123176388485,0.6666666666666666,0.75,0.6,3,1,3,2,9,1,41
fedavg_secureagg_sim,multimodal,none,1.0,1.0,0.0,0.14356993929598946,0.26264785062731666,0.6666666666666666,0.5,1.0,1,1,1,0,3,2,41
fedavg_secureagg_sim,multimodal,none,0.8368445692883895,0.8227849574885371,0.550561797752809,0.1748122170974039,0.1415354852661194,0.7567567567567568,0.8,0.7083333333333334,68,17,72,28,185,3,41
fedavg_secureagg_sim,multimodal,none,0.7486631016042781,0.7342232277526395,1.0,0.21678856534984633,0.16276724084882657,0.6666666666666666,0.6666666666666666,0.47058823529411764,8,4,18,9,39,4,41
fedavg_secureagg_sim,multimodal,none,0.9483573577092855,0.9513421932773553,0.27044025157232704,0.08629474048191474,0.03738064636286792,0.8875,0.8881987577639752,0.8881987577639752,143,18,141,18,320,5,41
fedavg_secureagg_sim,multimodal,none,0.8959922430510666,0.8949013200108334,0.4065934065934066,0.13194910927086484,0.07324193686268822,0.8011363636363636,0.7808988764044944,0.8176470588235294,139,39,143,31,352,6,41
fedavg_secureagg_sim,multimodal,none,0.8960867265996827,0.9003838713966227,0.45161290322580644,0.14707052667904386,0.1236877823099903,0.8211382113821138,0.9333333333333333,0.6885245901639344,42,3,59,19,123,7,41
fedavg_secureagg_sim,multimodal,none,0.927663734115347,0.9392085718819714,0.3484848484848485,0.11584882394765575,0.09672903322587495,0.859375,0.9782608695652174,0.7258064516129032,45,1,65,17,128,8,41
fedavg_secureagg_sim,multimodal,none,0.8674266909561027,0.8748224462596831,0.5164835164835165,0.15168587373812795,0.07368180373350346,0.7723577235772358,0.7845303867403315,0.7593582887700535,142,39,143,45,369,9,41
fedavg_quantized_transport_proxy,multimodal,none,0.863961038961039,0.8709829597239478,0.5378787878787878,0.15583525229988712,0.08483134123600562,0.7610294117647058,0.8151260504201681,0.6928571428571428,97,22,110,43,272,0,41
fedavg_quantized_transport_proxy,multimodal,none,0.75,0.8583333333333332,0.75,0.2015217346910201,0.29481226655667114,0.6666666666666666,0.75,0.6,3,1,3,2,9,1,41
fedavg_quantized_transport_proxy,multimodal,none,1.0,1.0,0.0,0.14356975216553122,0.26264781839791873,0.6666666666666666,0.5,1.0,1,1,1,0,3,2,41
fedavg_quantized_transport_proxy,multimodal,none,0.8368445692883895,0.8227849574885371,0.550561797752809,0.1748122068194422,0.1415354653988089,0.7567567567567568,0.8,0.7083333333333334,68,17,72,28,185,3,41
fedavg_quantized_transport_proxy,multimodal,none,0.7486631016042781,0.7342232277526395,1.0,0.21678853776492543,0.16276721898190705,0.6666666666666666,0.6666666666666666,0.47058823529411764,8,4,18,9,39,4,41
fedavg_quantized_transport_proxy,multimodal,none,0.9483573577092855,0.9513421932773553,0.27044025157232704,0.08629474371034287,0.0373806725456635,0.8875,0.8881987577639752,0.8881987577639752,143,18,141,18,320,5,41
fedavg_quantized_transport_proxy,multimodal,none,0.8959922430510666,0.8949013200108334,0.4065934065934066,0.13194910338014346,0.07324189572354349,0.8011363636363636,0.7808988764044944,0.8176470588235294,139,39,143,31,352,6,41
fedavg_quantized_transport_proxy,multimodal,none,0.8960867265996827,0.9003838713966227,0.45161290322580644,0.1470705386318923,0.12368781717102727,0.8211382113821138,0.9333333333333333,0.6885245901639344,42,3,59,19,123,7,41
fedavg_quantized_transport_proxy,multimodal,none,0.927663734115347,0.9392085718819714,0.3484848484848485,0.11584883541925357,0.09672906896866079,0.859375,0.9782608695652174,0.7258064516129032,45,1,65,17,128,8,41
fedavg_quantized_transport_proxy,multimodal,none,0.8674266909561027,0.8748224462596831,0.5164835164835165,0.15168585827884146,0.07368176851212965,0.7723577235772358,0.7845303867403315,0.7593582887700535,142,39,143,45,369,9,41
