tier,method,candidate_negative_ratio,split_note,segment_overlap_metric,query_count_mean,query_count_std,candidate_pairs_mean,candidate_pairs_std,positive_candidates_mean,positive_candidates_std,negative_candidates_mean,negative_candidates_std,unique_query_reference_pairs_mean,unique_query_reference_pairs_std,recall_at_1_mean,recall_at_1_std,recall_at_5_mean,recall_at_5_std,recall_at_10_mean,recall_at_10_std,recall_at_100_mean,recall_at_100_std,precision_at_1_mean,precision_at_1_std,precision_at_5_mean,precision_at_5_std,precision_at_10_mean,precision_at_10_std,precision_at_50_mean,precision_at_50_std,precision_at_100_mean,precision_at_100_std,query_map_mean,query_map_std,ndcg_at_10_mean,ndcg_at_10_std,recall_at_1_query_bootstrap_ci95_low_mean,recall_at_1_query_bootstrap_ci95_low_std,recall_at_1_query_bootstrap_ci95_high_mean,recall_at_1_query_bootstrap_ci95_high_std,recall_at_5_query_bootstrap_ci95_low_mean,recall_at_5_query_bootstrap_ci95_low_std,recall_at_5_query_bootstrap_ci95_high_mean,recall_at_5_query_bootstrap_ci95_high_std,recall_at_10_query_bootstrap_ci95_low_mean,recall_at_10_query_bootstrap_ci95_low_std,recall_at_10_query_bootstrap_ci95_high_mean,recall_at_10_query_bootstrap_ci95_high_std,recall_at_100_query_bootstrap_ci95_low_mean,recall_at_100_query_bootstrap_ci95_low_std,recall_at_100_query_bootstrap_ci95_high_mean,recall_at_100_query_bootstrap_ci95_high_std,precision_at_1_query_bootstrap_ci95_low_mean,precision_at_1_query_bootstrap_ci95_low_std,precision_at_1_query_bootstrap_ci95_high_mean,precision_at_1_query_bootstrap_ci95_high_std,precision_at_5_query_bootstrap_ci95_low_mean,precision_at_5_query_bootstrap_ci95_low_std,precision_at_5_query_bootstrap_ci95_high_mean,precision_at_5_query_bootstrap_ci95_high_std,precision_at_10_query_bootstrap_ci95_low_mean,precision_at_10_query_bootstrap_ci95_low_std,precision_at_10_query_bootstrap_ci95_high_mean,precision_at_10_query_bootstrap_ci95_high_std,precision_at_50_query_bootstrap_ci95_low_mean,precision_at_50_query_bootstrap_ci95_low_std,precision_at_50_query_bootstrap_ci95_high_mean,precision_at_50_query_bootstrap_ci95_high_std,precision_at_100_query_bootstrap_ci95_low_mean,precision_at_100_query_bootstrap_ci95_low_std,precision_at_100_query_bootstrap_ci95_high_mean,precision_at_100_query_bootstrap_ci95_high_std,query_map_query_bootstrap_ci95_low_mean,query_map_query_bootstrap_ci95_low_std,query_map_query_bootstrap_ci95_high_mean,query_map_query_bootstrap_ci95_high_std,ndcg_at_10_query_bootstrap_ci95_low_mean,ndcg_at_10_query_bootstrap_ci95_low_std,ndcg_at_10_query_bootstrap_ci95_high_mean,ndcg_at_10_query_bootstrap_ci95_high_std,seeds
VCSL public-label audit,invariant_logistic_poly2,1,positive-connected-component asset-disjoint split; zero query/reference identity overlap,not_available_from_public_label_topology_features,540.0,85.01764522732913,1800.0,0.0,900.0,0.0,900.0,0.0,1789.0,5.291502622129181,0.953559098704143,0.013025467302718943,1.0,0.0,1.0,0.0,1.0,0.0,0.953559098704143,0.013025467302718943,0.6295223201224186,0.013061455704742505,0.6021730378357352,0.0075031929027026606,0.600470989823965,0.00980570975207217,0.600470989823965,0.00980570975207217,0.9612899199271169,0.006913823405702054,0.9689540648042495,0.007132631543897194,0.9342967518598729,0.013412100997127757,0.9701671772582329,0.01150537996124137,1.0,0.0,1.0,0.0,1.0,0.0,1.0,0.0,1.0,0.0,1.0,0.0,0.9350602684750213,0.013413016865417269,0.9695964010025251,0.01235464282894437,0.6079738124105346,0.0121954324208622,0.6501439162800967,0.013283576716837352,0.5805946972844421,0.008116302337270783,0.6244268875462847,0.006420847974963556,0.5789807950574012,0.011967717661584228,0.6231816208882733,0.010592831891006923,0.5798354491413146,0.010495056919210658,0.6226163777708772,0.009387659186370174,0.9510579595538283,0.007797007075621482,0.9709415651455169,0.006571576108050571,0.9597330979617862,0.008105623971168797,0.9771128520047969,0.006876543387728341,"31,37,41"
VCSL public-label audit,invariant_logistic_poly2,10,positive-connected-component asset-disjoint split; zero query/reference identity overlap,not_available_from_public_label_topology_features,441.0,62.385895841928885,7150.0,0.0,650.0,0.0,6500.0,0.0,6688.0,199.00753754569197,0.7018128168609086,0.08832079930824516,0.9658783379175402,0.023733579250604146,0.9976931488613131,0.002134021111889093,1.0,0.0,0.7018128168609086,0.08832079930824516,0.25853897892700745,0.043904095334026186,0.15102640423813327,0.02105790690505355,0.09824985242942443,0.0006969795385829731,0.0981036636402342,0.0007533236277482617,0.7761957905118981,0.052663832052762906,0.8365281050612287,0.0432783994834187,0.6575821381987764,0.08498424539238394,0.7410783185226277,0.08629281563540818,0.9487710682695957,0.028984871174250908,0.980684616588685,0.018262365131555942,0.9937812009699044,0.005517298339196467,1.0,0.0,1.0,0.0,1.0,0.0,0.6607981552400954,0.08767220428634095,0.7426432878565317,0.08665320089061028,0.24702970939459853,0.039970395246064085,0.2707361186340013,0.04849823091771939,0.14455504533706923,0.018309084685116512,0.15727630419324543,0.02382940026289263,0.09547790211678898,0.0005465935622641979,0.10113203285488892,0.0009321793628280924,0.09534977239634013,0.0006372440307752167,0.10079317942723594,0.0007785926913973618,0.7512415357565999,0.054433636113883604,0.8027015310807913,0.0496530715993059,0.815568184435678,0.04425639013223692,0.8568546446315497,0.041537661732843914,"31,37,41"
VCSL public-label audit,invariant_logistic_poly2,100,positive-connected-component asset-disjoint split; zero query/reference identity overlap,not_available_from_public_label_topology_features,191.66666666666666,13.576941236277534,22220.0,0.0,220.0,0.0,22000.0,0.0,16178.0,1466.0040927637276,0.32836455002284143,0.036117320207670583,0.6237326785442363,0.057203951291100286,0.7683359981726815,0.08179077498428496,1.0,0.0,0.32836455002284143,0.036117320207670583,0.1335680676107812,0.018901963615355587,0.08352885640322827,0.013118093793775102,0.02204090147708238,0.0019721839233387195,0.01170580748839469,0.0007885626611827814,0.45469794648851397,0.04293606450273195,0.5190119463829587,0.05278660343865104,0.2638143844221106,0.03500326212552577,0.39642797319932993,0.040376982792916086,0.557521318714786,0.0566626337082689,0.6899105375361656,0.05350015928897653,0.707621059844678,0.08607867016070907,0.8273842698340186,0.07736585733802344,1.0,0.0,1.0,0.0,0.2636428353890666,0.0298210800561051,0.3981030150753769,0.03794076548468014,0.11743688137657987,0.01712505281268055,0.14903091213643976,0.02140819398811264,0.07602725749961932,0.012852319073609397,0.09067020709608649,0.013148163372995621,0.020913468859448756,0.0016699684347755651,0.023201667428049338,0.0022462906084568532,0.011223738735777809,0.0006121635713404416,0.012225872569399282,0.0009670606372800966,0.40343112134951187,0.04240168047365729,0.5092777986295101,0.04365380684952679,0.46909657275575584,0.05316746050863541,0.5731053837484662,0.05119778345295972,"31,37,41"
VCSL public-label audit,invariant_logistic_poly2,1000,positive-connected-component asset-disjoint split; zero query/reference identity overlap,not_available_from_public_label_topology_features,100.0,0.0,100100.0,0.0,100.0,0.0,100000.0,0.0,34675.0,3567.6069009911953,0.13999999999999999,0.03605551275463989,0.29000000000000004,0.026457513110645897,0.3933333333333333,0.030550504633038936,0.7933333333333333,0.040414518843273774,0.13999999999999999,0.03605551275463989,0.057999999999999996,0.005291502622129178,0.03933333333333334,0.003055050463303889,0.0134,0.0005291502622129185,0.007933333333333334,0.00040414518843273856,0.22532315149719503,0.03252293739496893,0.2528367853663873,0.032326953860856045,0.07666666666666667,0.030550504633038933,0.21333333333333335,0.04163331998932266,0.20333333333333334,0.03055050463303893,0.3834166666666666,0.02091699866934379,0.2966666666666667,0.025166114784235825,0.49,0.0360555127546399,0.7100000000000001,0.0519615242270663,0.8668333333333331,0.03771632051689754,0.08,0.03605551275463988,0.21008333333333326,0.036194209942107085,0.04066666666666668,0.004163331998932265,0.07666666666666667,0.0061101009266077795,0.030333333333333334,0.0030550504633038923,0.049666666666666665,0.0032145502536643144,0.011466666666666667,0.0006110100926607785,0.015266666666666666,0.0004163331998932267,0.007165833333333333,0.0004626035920021952,0.00873333333333333,0.00032145502536643124,0.163557760479934,0.028534296086468,0.2938968078418807,0.039329049837532985,0.18390459981352128,0.02314143766129494,0.32438563017374844,0.04279280190831471,"31,37,41"
VCSL public-label audit,invariant_logistic_poly2,10000,positive-connected-component asset-disjoint split; zero query/reference identity overlap,not_available_from_public_label_topology_features,100.0,0.0,1000100.0,0.0,100.0,0.0,1000000.0,0.0,103690.33333333333,20139.970266446107,0.060000000000000005,0.02,0.13,0.0360555127546399,0.18666666666666668,0.03785938897200183,0.38999999999999996,0.04358898943540671,0.060000000000000005,0.02,0.026000000000000006,0.007211102550927979,0.018666666666666668,0.003785938897200184,0.006333333333333333,0.001171893055416463,0.0039000000000000007,0.0004358898943540675,0.0985087737364357,0.007244475946837102,0.11295000244850761,0.014367636881278024,0.02,0.01,0.1134166666666666,0.030414155147452986,0.06666666666666667,0.030550504633038936,0.1967499999999999,0.04030120965926467,0.11333333333333333,0.03214550253664318,0.26333333333333336,0.04163331998932265,0.2966666666666667,0.04163331998932266,0.48666666666666664,0.049328828623162485,0.02,0.01,0.11,0.030000000000000006,0.014,0.005291502622129181,0.039349999999999996,0.009442854441322297,0.011658333333333333,0.0028939952199914447,0.026333333333333337,0.004163331998932267,0.0046,0.0010583005244258364,0.008066666666666668,0.0012858201014657271,0.0029666666666666665,0.00040414518843273823,0.004800833333333333,0.00043675174107647496,0.05581865853940751,0.007823307127146942,0.14782126855881206,0.013045286724605016,0.06236988037127374,0.013437563613851398,0.1674822569303688,0.018493525172881525,"31,37,41"
VCSL public-label audit,isotonic_calibrated_score,1,positive-connected-component asset-disjoint split; zero query/reference identity overlap,not_available_from_public_label_topology_features,540.0,85.01764522732913,1800.0,0.0,900.0,0.0,900.0,0.0,1789.0,5.291502622129181,0.9477160097291711,0.015352588201148813,1.0,0.0,1.0,0.0,1.0,0.0,0.9477160097291711,0.015352588201148813,0.6300509453555831,0.011155405803809693,0.6021730378357352,0.0075031929027026606,0.600470989823965,0.00980570975207217,0.600470989823965,0.00980570975207217,0.9467372817243925,0.004513596933647515,0.9614056360502191,0.005090055248095035,0.9280898963950266,0.017376209425451494,0.9650686270683585,0.015884017051404974,1.0,0.0,1.0,0.0,1.0,0.0,1.0,0.0,1.0,0.0,1.0,0.0,0.9286606726507344,0.016540136628808894,0.9649041092064191,0.013921757632156037,0.6085267957902034,0.009510711393631865,0.6512652102976185,0.011685351214681743,0.580867783837224,0.007639226789120503,0.6245248429339347,0.00659060138131719,0.5785457734284242,0.01135865551796906,0.6226829784073229,0.008653134841323866,0.5783230785279087,0.011826841621888495,0.6224497333587943,0.009938602619690009,0.9351393007784314,0.0048293999008511,0.9576670047328322,0.003556056360636715,0.9518768275201963,0.006274698243425124,0.9704377136074275,0.004367545038731074,"31,37,41"
VCSL public-label audit,isotonic_calibrated_score,10,positive-connected-component asset-disjoint split; zero query/reference identity overlap,not_available_from_public_label_topology_features,441.0,62.385895841928885,7150.0,0.0,650.0,0.0,6500.0,0.0,6688.0,199.00753754569197,0.6918777977583094,0.09376982175256439,0.9565949640524131,0.026502939499077196,0.9951847097418343,0.004267690114252213,1.0,0.0,0.6918777977583094,0.09376982175256439,0.2540975685853503,0.03770591459614651,0.14969389355083176,0.018858214101996357,0.09824985242942443,0.0006969795385829731,0.0981036636402342,0.0007533236277482617,0.7107187948497223,0.03272629773103649,0.8039793541310606,0.031892219495023987,0.6492638995466614,0.09206111474282597,0.7333926257842954,0.09070104576480142,0.9378884578136336,0.030166234140357427,0.9737139173981199,0.022709734271844084,0.9887643227309466,0.009957943599921807,1.0,0.0,1.0,0.0,1.0,0.0,0.6485506079669814,0.0919236604246874,0.7343075053447675,0.0931670266006927,0.2424263725564834,0.0341903303658805,0.26550480306967666,0.04114920536109241,0.1436580076461302,0.016671766778683914,0.15614170891730864,0.020967498919832128,0.09545668987339052,0.0005366040752285561,0.10107921229309762,0.0010159239626584273,0.0952974829018398,0.000624434628472646,0.1009199621626629,0.0009643862855045723,0.6831454149141599,0.03192764959401096,0.7393978314363346,0.03213645216181482,0.7825682913593122,0.032430638831121315,0.8251783870841866,0.03205408547076396,"31,37,41"
VCSL public-label audit,isotonic_calibrated_score,100,positive-connected-component asset-disjoint split; zero query/reference identity overlap,not_available_from_public_label_topology_features,191.66666666666666,13.576941236277534,22220.0,0.0,220.0,0.0,22000.0,0.0,16178.0,1466.0040927637276,0.36825491091822743,0.06642600213853248,0.5676301964367291,0.030282419458432738,0.6916358306684941,0.02917158256434668,1.0,0.0,0.36825491091822743,0.06642600213853248,0.12150243642454696,0.011209339270498046,0.07514588091975026,0.007859395796993348,0.021851340033500838,0.0016472049907469628,0.011689224573821823,0.0008054328299599567,0.3242218314252161,0.025080327969715058,0.4417551694655264,0.018568351045884987,0.29852482107507233,0.06244770601978509,0.4346849588853357,0.07323709742092077,0.497850064717527,0.031070081006850818,0.6373686614892645,0.030096309011410853,0.6273602862798843,0.030618785436811367,0.7542865844373382,0.027909027571173316,1.0,0.0,1.0,0.0,0.3037604690117253,0.06282472438960449,0.4363099588853358,0.07246974895827517,0.1060767131110096,0.009178185939698146,0.13760601301964367,0.012831356047114346,0.06743301926298156,0.0066883902984973065,0.08306753464291151,0.009759299406395357,0.02079074158672149,0.0012922022365553607,0.02297877265113446,0.0019477891664699647,0.01120513809564435,0.0006121557884927447,0.012199438848857776,0.000973720640920053,0.2783091294783879,0.022032018443441572,0.3733669277898275,0.02748794527212817,0.38926230646717275,0.021221996929012894,0.49307226972629353,0.020474392077190397,"31,37,41"
VCSL public-label audit,isotonic_calibrated_score,1000,positive-connected-component asset-disjoint split; zero query/reference identity overlap,not_available_from_public_label_topology_features,100.0,0.0,100100.0,0.0,100.0,0.0,100000.0,0.0,34675.0,3567.6069009911953,0.14666666666666667,0.028867513459481284,0.22666666666666668,0.045092497528228956,0.30333333333333334,0.061101009266077866,0.75,0.036055512754639925,0.14666666666666667,0.028867513459481284,0.045333333333333344,0.009018499505645792,0.030333333333333337,0.006110100926607787,0.011333333333333334,0.0003055050463303892,0.0075,0.0003605551275463994,0.11193018241418833,0.05110602956135878,0.18353220943292048,0.04905590532304484,0.08333333333333333,0.023094010767585025,0.22,0.034641016151377546,0.15,0.04,0.31333333333333335,0.05033222956847165,0.21658333333333335,0.0569650843353482,0.39666666666666667,0.06658328118479391,0.6633333333333332,0.04041451884327379,0.83,0.03605551275463986,0.08333333333333333,0.023094010767585025,0.22,0.034641016151377546,0.03,0.007999999999999998,0.062016666666666664,0.010000041666579864,0.021333333333333333,0.006110100926607789,0.038674999999999994,0.006647696969627908,0.009398333333333333,0.000344975844564997,0.013268333333333332,0.0004135315384989811,0.006666666666666667,0.0004163331998932258,0.0083,0.00036055512754639774,0.0754733607528147,0.03545736356115167,0.15424000401597074,0.06622988309068972,0.130167988924676,0.03900663392729319,0.24197161118302837,0.05858050246210381,"31,37,41"
VCSL public-label audit,isotonic_calibrated_score,10000,positive-connected-component asset-disjoint split; zero query/reference identity overlap,not_available_from_public_label_topology_features,100.0,0.0,1000100.0,0.0,100.0,0.0,1000000.0,0.0,103690.33333333333,20139.970266446107,0.043333333333333335,0.025166114784235836,0.10333333333333333,0.03214550253664319,0.12666666666666668,0.04041451884327381,0.2933333333333334,0.04041451884327381,0.043333333333333335,0.025166114784235836,0.02066666666666667,0.006429100507328638,0.012666666666666668,0.00404145188432738,0.0041333333333333335,0.0013012814197295424,0.0029333333333333334,0.00040414518843273807,0.020199138453137894,0.019046845364393994,0.045268873416992844,0.027669921673655205,0.013333333333333334,0.015275252316519465,0.08333333333333333,0.03511884584284246,0.04666666666666667,0.02081665999466133,0.1634166666666666,0.0417734465101136,0.06666666666666667,0.030550504633038936,0.19666666666666666,0.050332229568471665,0.20666666666666667,0.03511884584284245,0.3867499999999999,0.04510196780629419,0.013333333333333334,0.015275252316519465,0.08333333333333333,0.03511884584284246,0.009333333333333334,0.004163331998932266,0.03333333333333333,0.007571877794400368,0.006666666666666668,0.003055050463303893,0.01966666666666667,0.005033222956847165,0.002598333333333333,0.001000004166657986,0.0058,0.0013999999999999998,0.0020666666666666667,0.00035118845842842483,0.003800000000000001,0.00045825756949558383,0.010216443613041564,0.00714354205860347,0.032931239045402586,0.03514146946216415,0.02408169459214657,0.013454920315989279,0.0699053681135662,0.04453530019339055,"31,37,41"
VCSL public-label audit,mean_score_fusion,1,positive-connected-component asset-disjoint split; zero query/reference identity overlap,not_available_from_public_label_topology_features,540.0,85.01764522732913,1800.0,0.0,900.0,0.0,900.0,0.0,1789.0,5.291502622129181,0.9352785710225947,0.008559098273751599,1.0,0.0,1.0,0.0,1.0,0.0,0.9352785710225947,0.008559098273751599,0.6295209757281116,0.01099025439466309,0.6021730378357352,0.0075031929027026606,0.600470989823965,0.00980570975207217,0.600470989823965,0.00980570975207217,0.9522976653594736,0.004336712663761587,0.9608650894547194,0.004345779008392869,0.9135829948346736,0.00857513846876983,0.9556492231418366,0.008456465389031699,1.0,0.0,1.0,0.0,1.0,0.0,1.0,0.0,1.0,0.0,1.0,0.0,0.9135829948346736,0.00857513846876983,0.9545172796582951,0.009297744779522495,0.6081259095857957,0.010170070413211373,0.6506988762643363,0.011364208443147982,0.5809394545433354,0.008222978006005709,0.6240127283805634,0.006407254336751551,0.5792849215711083,0.01148317061739534,0.6227306518056238,0.009816503647184047,0.5781899325748995,0.010375077646460423,0.6229791994297152,0.008436100099683038,0.9416779493011468,0.004656578122128004,0.9625696818040607,0.0038553729588546508,0.950679206012432,0.004729013732396802,0.9704664946274938,0.0035664829634669834,"31,37,41"
VCSL public-label audit,mean_score_fusion,10,positive-connected-component asset-disjoint split; zero query/reference identity overlap,not_available_from_public_label_topology_features,441.0,62.385895841928885,7150.0,0.0,650.0,0.0,6500.0,0.0,6688.0,199.00753754569197,0.6548779346343806,0.08321406594066735,0.9566008242143001,0.02529192652264541,0.9944829553558693,0.004780115300160678,1.0,0.0,0.6548779346343806,0.08321406594066735,0.25205167172598614,0.03533315103555757,0.14973479716317892,0.01929023190751938,0.09824985242942443,0.0006969795385829731,0.0981036636402342,0.0007533236277482617,0.7384338646805982,0.04268747028564794,0.8075734782533911,0.035356421520308205,0.6101587732648377,0.08480943859031542,0.6979861390893145,0.08271351956213986,0.9387976603422775,0.030149645767299508,0.9720971369476358,0.02134138979788574,0.9880625683449816,0.010392732640324948,0.999298245614035,0.0012154742509255189,1.0,0.0,1.0,0.0,0.6101704935886116,0.0823445444011802,0.6966058878348736,0.08373366641931221,0.24002778665801405,0.032376076845689716,0.26343464311524784,0.03770286638903077,0.1433615894996916,0.016839755558400678,0.1557732319751508,0.021449992253920146,0.09540944830002353,0.000664841074327299,0.1012755296683039,0.001073184688612361,0.09536329829787475,0.0007129490269632703,0.10101534181805912,0.0007839548449694737,0.7114724358447407,0.04267768011719032,0.7667408636442449,0.04167011302666052,0.7864182251556887,0.03547724411383485,0.8292789668181885,0.03370297434782215,"31,37,41"
VCSL public-label audit,mean_score_fusion,100,positive-connected-component asset-disjoint split; zero query/reference identity overlap,not_available_from_public_label_topology_features,191.66666666666666,13.576941236277534,22220.0,0.0,220.0,0.0,22000.0,0.0,16178.0,1466.0040927637276,0.2769004111466423,0.04955647106252519,0.5606943809958885,0.046679076857156214,0.6997753921120755,0.016247167186538757,0.9966582914572865,0.0028940317573639437,0.2769004111466423,0.04955647106252519,0.11944693162783615,0.013825723741279104,0.07541354499771584,0.006133203704279272,0.021846794578955383,0.0015568619346786768,0.01165580748839469,0.000834273640442284,0.3989283952442289,0.036218549020445565,0.4564719976181382,0.03278177601987016,0.21759426869194456,0.04598475163238015,0.33972818638647784,0.053798751886715346,0.4911831886706259,0.04725743951753693,0.630432846048424,0.04562309272416742,0.6336059083295265,0.0148675115780093,0.7623842698340186,0.014975718201296836,0.9899748743718592,0.0086820952720918,1.0,0.0,0.21407263590680672,0.045391916250671446,0.3400306266179381,0.05905207677730265,0.10367673024211967,0.012640863109630116,0.13490977615349473,0.01627188700858122,0.0678900772803411,0.005285645715959097,0.08293758089690877,0.006995879929590973,0.02075724074920055,0.0013276768468973694,0.022974227196589005,0.0018552411216471495,0.011161479132827645,0.0006901423509721171,0.012190421229381139,0.0010016882230982158,0.34879975591845813,0.03301381780168912,0.4548327397937575,0.041514787541183006,0.40236888329087406,0.029720211465534368,0.5094675585939109,0.035771042817076854,"31,37,41"
VCSL public-label audit,mean_score_fusion,1000,positive-connected-component asset-disjoint split; zero query/reference identity overlap,not_available_from_public_label_topology_features,100.0,0.0,100100.0,0.0,100.0,0.0,100000.0,0.0,34675.0,3567.6069009911953,0.13333333333333333,0.0404145188432738,0.20666666666666667,0.05686240703077328,0.3066666666666667,0.04041451884327378,0.7433333333333333,0.040414518843273836,0.13333333333333333,0.0404145188432738,0.04133333333333334,0.011372481406154657,0.030666666666666672,0.004041451884327379,0.011133333333333334,0.0002309401076758499,0.0074333333333333335,0.0004041451884327386,0.19041972245421865,0.04119147581833551,0.2040569253205582,0.042278163545647444,0.07,0.034641016151377546,0.20000000000000004,0.05196152422706632,0.13,0.052915026221291815,0.2833333333333333,0.06110100926607785,0.21333333333333335,0.035118845842842465,0.3934166666666666,0.0449724452674451,0.6566666666666667,0.045092497528228935,0.8234166666666666,0.030659759185833874,0.07,0.034641016151377546,0.20000000000000004,0.05196152422706632,0.026000000000000006,0.009165151389911681,0.058,0.012489995996796796,0.022333333333333334,0.0035118845842842463,0.03966666666666667,0.004509249752822891,0.009266666666666668,0.00011547005383792646,0.013066666666666666,0.00011547005383792395,0.006566666666666668,0.0004509249752822885,0.008234166666666666,0.0004028052672611589,0.13040950957245387,0.03416837350426191,0.25963686524103724,0.04826567469017149,0.138148338264476,0.0362713601450119,0.27708458224963534,0.04866592818142121,"31,37,41"
VCSL public-label audit,mean_score_fusion,10000,positive-connected-component asset-disjoint split; zero query/reference identity overlap,not_available_from_public_label_topology_features,100.0,0.0,1000100.0,0.0,100.0,0.0,1000000.0,0.0,103690.33333333333,20139.970266446107,0.03333333333333333,0.015275252316519468,0.09999999999999999,0.026457513110645908,0.12,0.04358898943540674,0.3166666666666667,0.05033222956847166,0.03333333333333333,0.015275252316519468,0.020000000000000004,0.005291502622129184,0.012000000000000002,0.0043588989435406735,0.004666666666666667,0.0009018499505645792,0.003166666666666667,0.0005033222956847169,0.06803978581367288,0.009830621099914073,0.07416211005003402,0.015790924064143716,0.0033333333333333335,0.005773502691896258,0.07341666666666659,0.0250503659321244,0.04666666666666667,0.02081665999466133,0.16333333333333336,0.03214550253664319,0.06,0.034641016151377546,0.18666666666666668,0.055075705472861024,0.23,0.05000000000000002,0.4067499999999999,0.05494713368320514,0.006583333333333338,0.011402667816495116,0.07,0.019999999999999997,0.009333333333333334,0.004163331998932264,0.03201666666666666,0.007190329153337389,0.006333333333333334,0.0032145502536643183,0.018333333333333337,0.005859465277082315,0.0030666666666666668,0.0009018499505645788,0.0062683333333333315,0.0011013665753659566,0.0023000000000000004,0.0004582575694955842,0.004066666666666667,0.0005033222956847169,0.03249626648214291,0.006676687702501333,0.1081409910380755,0.014244868196032393,0.03490750370164165,0.011899538526800138,0.11894323747974049,0.017033595448473486,"31,37,41"
VCSL public-label audit,platt_calibrated_score,1,positive-connected-component asset-disjoint split; zero query/reference identity overlap,not_available_from_public_label_topology_features,540.0,85.01764522732913,1800.0,0.0,900.0,0.0,900.0,0.0,1789.0,5.291502622129181,0.9352785710225947,0.008559098273751599,1.0,0.0,1.0,0.0,1.0,0.0,0.9352785710225947,0.008559098273751599,0.6295209757281116,0.01099025439466309,0.6021730378357352,0.0075031929027026606,0.600470989823965,0.00980570975207217,0.600470989823965,0.00980570975207217,0.9522976653594736,0.004336712663761587,0.9608650894547194,0.004345779008392869,0.9147149383182152,0.00787698368949609,0.9551023253203955,0.008433943817357663,1.0,0.0,1.0,0.0,1.0,0.0,1.0,0.0,1.0,0.0,1.0,0.0,0.9148890652080285,0.008637330771683785,0.9550880559140028,0.008454617153989166,0.6077387145938774,0.00894704867839295,0.6512777378539337,0.01170670416183977,0.5799198548724441,0.008813242807473629,0.6231317857493615,0.00679179876229235,0.578384318078406,0.009848066253581277,0.6221479968402693,0.008787064415753186,0.5794772849777048,0.010129382257774716,0.6227965858054132,0.00893178201345582,0.9408075220752231,0.004753366662997965,0.9627626973507873,0.003646205019249551,0.9511601124563457,0.004540518322269249,0.9700015926380109,0.004225192507382611,"31,37,41"
VCSL public-label audit,platt_calibrated_score,10,positive-connected-component asset-disjoint split; zero query/reference identity overlap,not_available_from_public_label_topology_features,441.0,62.385895841928885,7150.0,0.0,650.0,0.0,6500.0,0.0,6688.0,199.00753754569197,0.6548779346343806,0.08321406594066735,0.9566008242143001,0.02529192652264541,0.9944829553558693,0.004780115300160678,1.0,0.0,0.6548779346343806,0.08321406594066735,0.25205167172598614,0.03533315103555757,0.14973479716317892,0.01929023190751938,0.09824985242942443,0.0006969795385829731,0.0981036636402342,0.0007533236277482617,0.7384338646805982,0.04268747028564794,0.8075734782533911,0.035356421520308205,0.6108781081364635,0.08007952326628982,0.6972843847033497,0.08380153642288608,0.9379001781374074,0.027680844245097858,0.9737022337003577,0.021527541845125713,0.9880625683449816,0.010392732640324948,0.999298245614035,0.0012154742509255189,1.0,0.0,1.0,0.0,0.6108496644154076,0.08121505765032987,0.6998162278443646,0.08421623165866428,0.24120838030280214,0.032004301411783856,0.263483522524716,0.037774752775611584,0.1437020609320712,0.01698590182973245,0.1560280729425955,0.021579292496814645,0.09546384167865506,0.0008053389249413549,0.10113686912634638,0.0009117536820495871,0.09530662790856675,0.0007947409866580207,0.10096127611211858,0.0009812530601205904,0.7107354143328227,0.04404510434521899,0.7640831499575631,0.043158391110744036,0.7856311360507613,0.03498995907392766,0.829091650019822,0.03536046744210318,"31,37,41"
VCSL public-label audit,platt_calibrated_score,100,positive-connected-component asset-disjoint split; zero query/reference identity overlap,not_available_from_public_label_topology_features,191.66666666666666,13.576941236277534,22220.0,0.0,220.0,0.0,22000.0,0.0,16178.0,1466.0040927637276,0.2769004111466423,0.04955647106252519,0.5606943809958885,0.046679076857156214,0.6997753921120755,0.016247167186538757,0.9966582914572865,0.0028940317573639437,0.2769004111466423,0.04955647106252519,0.11944693162783615,0.013825723741279104,0.07541354499771584,0.006133203704279272,0.021846794578955383,0.0015568619346786768,0.01165580748839469,0.000834273640442284,0.3989283952442289,0.036218549020445565,0.4564719976181382,0.03278177601987016,0.21429990863407947,0.048765276132313316,0.33972818638647784,0.053798751886715346,0.4909142492766865,0.04807677983386765,0.628586255139333,0.044321700204530995,0.6354581810567992,0.0176665399581228,0.7624259365006852,0.014965938335057195,0.9899748743718592,0.0086820952720918,1.0,0.0,0.21574767778285364,0.04303098471405058,0.34518273184102327,0.05947422396101389,0.10331742043551088,0.011475919987541251,0.13481886706258564,0.015252750392349503,0.06751128940155322,0.004645466185869847,0.08345641084208923,0.0070257830459070905,0.020752862798842697,0.0012270629827165899,0.02300756052992234,0.0018297076906230157,0.01116860301970419,0.0006485100358896748,0.012192316087943458,0.0009998047081526903,0.34405045393069583,0.03376679583898658,0.45246074386473095,0.038754733621706214,0.40223354881829326,0.030059725508925522,0.5106457597707404,0.03688988571993292,"31,37,41"
VCSL public-label audit,platt_calibrated_score,1000,positive-connected-component asset-disjoint split; zero query/reference identity overlap,not_available_from_public_label_topology_features,100.0,0.0,100100.0,0.0,100.0,0.0,100000.0,0.0,34675.0,3567.6069009911953,0.13333333333333333,0.0404145188432738,0.20666666666666667,0.05686240703077328,0.3066666666666667,0.04041451884327378,0.7433333333333333,0.040414518843273836,0.13333333333333333,0.0404145188432738,0.04133333333333334,0.011372481406154657,0.030666666666666672,0.004041451884327379,0.011133333333333334,0.0002309401076758499,0.0074333333333333335,0.0004041451884327386,0.19041972245421865,0.04119147581833551,0.2040569253205582,0.042278163545647444,0.07,0.034641016151377546,0.20666666666666667,0.04618802153517007,0.13,0.052915026221291815,0.29333333333333333,0.06110100926607786,0.22,0.04000000000000001,0.39666666666666667,0.04041451884327381,0.6533333333333333,0.04041451884327379,0.8266666666666667,0.03511884584284244,0.07325,0.03219763190049852,0.20333333333333334,0.0404145188432738,0.026000000000000006,0.010583005244258365,0.05733333333333334,0.013316656236958787,0.022000000000000002,0.003605551275463989,0.04033333333333333,0.004509249752822885,0.0092,0.00034641016151377437,0.013000000000000003,0.00034641016151377486,0.006533333333333333,0.0005033222956847157,0.008266666666666665,0.0003511884584284243,0.12687391857044494,0.031145374598624938,0.253668371323266,0.05073258274493894,0.13796265191457788,0.035829461542793685,0.27676691731422876,0.051396941541558216,"31,37,41"
VCSL public-label audit,platt_calibrated_score,10000,positive-connected-component asset-disjoint split; zero query/reference identity overlap,not_available_from_public_label_topology_features,100.0,0.0,1000100.0,0.0,100.0,0.0,1000000.0,0.0,103690.33333333333,20139.970266446107,0.03333333333333333,0.015275252316519468,0.09999999999999999,0.026457513110645908,0.12,0.04358898943540674,0.3166666666666667,0.05033222956847166,0.03333333333333333,0.015275252316519468,0.020000000000000004,0.005291502622129184,0.012000000000000002,0.0043588989435406735,0.004666666666666667,0.0009018499505645792,0.003166666666666667,0.0005033222956847169,0.06803978581367288,0.009830621099914073,0.07416211005003402,0.015790924064143716,0.0033333333333333335,0.005773502691896258,0.06666666666666667,0.020816659994661327,0.04666666666666667,0.02081665999466133,0.16333333333333336,0.03214550253664319,0.06325000000000001,0.040270181275976404,0.18666666666666668,0.055075705472861024,0.23,0.04000000000000001,0.4066666666666667,0.06027713773341708,0.0033333333333333335,0.005773502691896258,0.07,0.019999999999999997,0.009333333333333334,0.004163331998932264,0.03266666666666667,0.006429100507328635,0.006000000000000001,0.0034641016151377548,0.018666666666666668,0.0055075705472861025,0.0030666666666666668,0.0009018499505645788,0.006266666666666667,0.000901849950564579,0.0023000000000000004,0.0004582575694955842,0.0041333333333333335,0.0005507570547286108,0.03443439071955018,0.006741470338293352,0.10965230590861974,0.01426047956001213,0.03573023696803524,0.012188526334124195,0.11909540393230982,0.019172307962381195,"31,37,41"
VCSL public-label audit,score_only_logistic,1,positive-connected-component asset-disjoint split; zero query/reference identity overlap,not_available_from_public_label_topology_features,540.0,85.01764522732913,1800.0,0.0,900.0,0.0,900.0,0.0,1789.0,5.291502622129181,0.9528145599190455,0.011010118030967677,1.0,0.0,1.0,0.0,1.0,0.0,0.9528145599190455,0.011010118030967677,0.6296287881512611,0.01340267164473985,0.6022484526170323,0.007385340856238462,0.600470989823965,0.00980570975207217,0.600470989823965,0.00980570975207217,0.960706736381502,0.007450953407931264,0.9686983545916773,0.007589134217098699,0.9348768969177578,0.011442905622295938,0.9707379535139408,0.010680124057273858,1.0,0.0,1.0,0.0,1.0,0.0,1.0,0.0,1.0,0.0,1.0,0.0,0.9335662422554712,0.011305674844275944,0.9694130294452615,0.010369865633741248,0.6086167357294893,0.010999286696180268,0.6516470664020523,0.013721940312088725,0.580803990748452,0.00815723482429692,0.624996082743102,0.0061708640907619785,0.5790589785885204,0.010090257014644034,0.6224649905606979,0.008287363058033915,0.5788304621452603,0.010379754392982651,0.6222142732958403,0.008259065772624488,0.9509690428014362,0.00818370899547721,0.9696716819922573,0.006968050129703618,0.9600409222553634,0.008459858444014486,0.9769240436301933,0.006573186953701098,"31,37,41"
VCSL public-label audit,score_only_logistic,10,positive-connected-component asset-disjoint split; zero query/reference identity overlap,not_available_from_public_label_topology_features,441.0,62.385895841928885,7150.0,0.0,650.0,0.0,6500.0,0.0,6688.0,199.00753754569197,0.7005297391801153,0.07834848690843778,0.9662815138791245,0.028227567527522618,0.9955878857034185,0.005465679888432378,1.0,0.0,0.7005297391801153,0.07834848690843778,0.25838040199347406,0.04555587965715867,0.1509269569732874,0.021635584505143034,0.09824985242942443,0.0006969795385829731,0.0981036636402342,0.0007533236277482617,0.7759268270182441,0.04888217210556753,0.8356827019438159,0.041404697656576235,0.6572024028847402,0.07626848893783791,0.7427346012682922,0.07662150695367455,0.9500775865979367,0.03453231462504533,0.9810877925502691,0.022786607328562393,0.9909741834260447,0.009505390511727472,0.999298245614035,0.0012154742509255189,1.0,0.0,1.0,0.0,0.658801639475575,0.07758179202142408,0.7436379436350492,0.07805846248292664,0.2464618372755594,0.040914990982921076,0.271266678623885,0.04987649866465642,0.1447033447738692,0.01921981086931538,0.1574800446017761,0.023846264790227112,0.09538554251940538,0.0006522958722326636,0.10109687370757876,0.0010081754060998268,0.0953526354364224,0.0007017065815893315,0.10116979581201302,0.0007467939971535964,0.7485269553301972,0.04979423410979869,0.8031272413333062,0.046802878075764505,0.8154255669773273,0.043052103190914126,0.8559708482922561,0.03936641328966859,"31,37,41"
VCSL public-label audit,score_only_logistic,100,positive-connected-component asset-disjoint split; zero query/reference identity overlap,not_available_from_public_label_topology_features,191.66666666666666,13.576941236277534,22220.0,0.0,220.0,0.0,22000.0,0.0,16178.0,1466.0040927637276,0.3462010811633927,0.04139642790006709,0.6338674432769911,0.07774719163153644,0.754716765646414,0.09792234506389746,1.0,0.0,0.3462010811633927,0.04139642790006709,0.1362633622658748,0.023833320677711833,0.08271238769605603,0.015013631733972348,0.022007065631186234,0.0020168520089908462,0.011708163967761217,0.000838135793276214,0.4639309434489114,0.04347370918104106,0.5228311263062325,0.058864445673107814,0.2816509155626618,0.03917100831652203,0.41593117100654786,0.045507865126295975,0.5657956448911222,0.07801970925205559,0.701711968935587,0.07614287383942989,0.6942207248363027,0.10745913082194493,0.8119127645804781,0.09062190096461685,1.0,0.0,1.0,0.0,0.2781376579869042,0.03665911296238281,0.4159728376732145,0.045492907142879555,0.12050095553525202,0.02288205371325153,0.1520140855794122,0.025902854700646478,0.07538248058474188,0.014537291103283985,0.09021872144814984,0.015258892990546795,0.020951012638952337,0.0017531358361400412,0.02313449824881986,0.002312774184925305,0.011221499816153509,0.0006504103391897313,0.012244729882927692,0.001058495518441766,0.4094229717878699,0.0443342757629583,0.519166080446705,0.04433118937454738,0.4688378337447814,0.062508974795321,0.5755628245744092,0.057710388194224506,"31,37,41"
VCSL public-label audit,score_only_logistic,1000,positive-connected-component asset-disjoint split; zero query/reference identity overlap,not_available_from_public_label_topology_features,100.0,0.0,100100.0,0.0,100.0,0.0,100000.0,0.0,34675.0,3567.6069009911953,0.16333333333333333,0.015275252316519465,0.3066666666666667,0.025166114784235822,0.39666666666666667,0.03214550253664318,0.79,0.026457513110645866,0.16333333333333333,0.015275252316519465,0.06133333333333333,0.0050332229568471635,0.03966666666666666,0.003214550253664313,0.013733333333333334,0.0002309401076758499,0.007899999999999999,0.0002645751311064583,0.24680455107056787,0.013120567589101588,0.2692806724320367,0.01743338139227281,0.09666666666666666,0.011547005383792518,0.23666666666666666,0.015275252316519465,0.22333333333333336,0.02516611478423583,0.39666666666666667,0.02516611478423583,0.29658333333333337,0.032288091199904216,0.48666666666666664,0.03214550253664318,0.7099166666666666,0.03591686001494748,0.87,0.02645751311064593,0.09666666666666666,0.011547005383792518,0.23666666666666666,0.02081665999466133,0.044000000000000004,0.0040000000000000036,0.07933333333333333,0.0050332229568471575,0.030000000000000002,0.0026457513110645903,0.04868333333333332,0.0032288091199904148,0.011933333333333336,0.0002309401076758509,0.015468333333333334,0.00030332875454419954,0.007066666666666666,0.00030550504633038936,0.008666666666666665,0.00020816659994661298,0.1802648465435749,0.013717372406478351,0.3200004523855766,0.010892479963832155,0.1963280054656434,0.01777565143672464,0.34373941325593943,0.01793582478666644,"31,37,41"
VCSL public-label audit,score_only_logistic,10000,positive-connected-component asset-disjoint split; zero query/reference identity overlap,not_available_from_public_label_topology_features,100.0,0.0,1000100.0,0.0,100.0,0.0,1000000.0,0.0,103690.33333333333,20139.970266446107,0.056666666666666664,0.0057735026918962545,0.1466666666666667,0.02081665999466133,0.18000000000000002,0.04358898943540674,0.4066666666666667,0.045092497528228956,0.056666666666666664,0.0057735026918962545,0.029333333333333336,0.004163331998932265,0.018000000000000002,0.004358898943540674,0.006333333333333334,0.0007023769168568493,0.004066666666666667,0.0004509249752822895,0.1019203651355753,0.011449070542455838,0.11281721200842991,0.02042439731190674,0.016666666666666666,0.005773502691896258,0.11,0.009999999999999995,0.08333333333333333,0.015275252316519466,0.21666666666666667,0.02081665999466132,0.10666666666666665,0.03785938897200183,0.25675,0.055015338770201226,0.31,0.03999999999999998,0.5033333333333333,0.045092497528228956,0.013333333333333334,0.005773502691896258,0.10666666666666667,0.0057735026918962545,0.017333333333333336,0.004163331998932266,0.04401666666666665,0.005282123941496776,0.010666666666666666,0.003785938897200182,0.026333333333333337,0.004932882862316246,0.0046,0.0005999999999999998,0.008133333333333333,0.0007023769168568493,0.0031333333333333335,0.00040414518843273823,0.005066666666666667,0.0004509249752822897,0.05833189628195532,0.009182633688089043,0.1532056270475661,0.014143379949613505,0.0637340408189218,0.017956550625291272,0.16558931259393705,0.022637451790815402,"31,37,41"
