round,method,privacy_mode,mean_client_loss,mode,encryption_time_sec,aggregation_time_sec,plain_bytes,protected_bytes,ciphertext_expansion,seed
1,fedavg,plain,0.3208628611638066,plain,1.2463890016078949e-05,3.3647287636995316e-05,1680,1680,1.0,31
2,fedavg,plain,0.265017609203924,plain,3.982335329055786e-06,2.8817914426326752e-05,1680,1680,1.0,31
3,fedavg,plain,0.24226670267762018,plain,3.3173710107803345e-06,3.436161205172539e-05,1680,1680,1.0,31
4,fedavg,plain,0.22925502849613538,plain,3.5618431866168976e-06,2.7268193662166595e-05,1680,1680,1.0,31
5,fedavg,plain,0.22048433898228686,plain,3.353692591190338e-06,2.6346184313297272e-05,1680,1680,1.0,31
6,fedavg,plain,0.21397191012492445,plain,3.6098062992095947e-06,3.074808046221733e-05,1680,1680,1.0,31
7,fedavg,plain,0.2088284905747091,plain,3.648921847343445e-06,3.501586616039276e-05,1680,1680,1.0,31
8,fedavg,plain,0.20459413986278996,plain,3.831926733255386e-06,2.5339890271425247e-05,1680,1680,1.0,31
9,fedavg,plain,0.2010052910837318,plain,3.361143171787262e-06,2.50120647251606e-05,1680,1680,1.0,31
10,fedavg,plain,0.19789864433211404,plain,3.300607204437256e-06,2.054637297987938e-05,1680,1680,1.0,31
11,fedavg,plain,0.19516657795294734,plain,2.721790224313736e-06,1.9838102161884308e-05,1680,1680,1.0,31
12,fedavg,plain,0.192734523470624,plain,3.1800009310245514e-06,2.2042077034711838e-05,1680,1680,1.0,31
13,fedavg,plain,0.19054863945126285,plain,2.820044755935669e-06,1.974496990442276e-05,1680,1680,1.0,31
14,fedavg,plain,0.18856869404256074,plain,2.896878868341446e-06,2.240389585494995e-05,1680,1680,1.0,31
15,fedavg,plain,0.18676374973055415,plain,3.27499583363533e-06,2.492731437087059e-05,1680,1680,1.0,31
16,fedavg,plain,0.18510943556241372,plain,3.591645509004593e-06,2.2172927856445312e-05,1680,1680,1.0,31
17,fedavg,plain,0.18358615911234616,plain,2.5690533220767975e-06,2.404581755399704e-05,1680,1680,1.0,31
18,fedavg,plain,0.1821778963486313,plain,3.1311064958572388e-06,8.934410288929939e-05,1680,1680,1.0,31
19,fedavg,plain,0.18087134897592289,plain,3.3117830753326416e-06,2.3921020328998566e-05,1680,1680,1.0,31
20,fedavg,plain,0.17965534250724208,plain,3.214925527572632e-06,2.1655112504959106e-05,1680,1680,1.0,31
21,fedavg,plain,0.17852038631387573,plain,2.951826900243759e-06,2.4615786969661713e-05,1680,1680,1.0,31
22,fedavg,plain,0.17745834534269075,plain,3.4547410905361176e-06,2.3848842829465866e-05,1680,1680,1.0,31
23,fedavg,plain,0.17646219054264023,plain,3.888271749019623e-06,2.2751279175281525e-05,1680,1680,1.0,31
24,fedavg,plain,0.17552580590947636,plain,2.876855432987213e-06,2.121366560459137e-05,1680,1680,1.0,31
25,fedavg,plain,0.17464383702675318,plain,3.2866373658180237e-06,2.8162728995084763e-05,1680,1680,1.0,31
26,fedavg,plain,0.17381157054825397,plain,3.830995410680771e-06,2.256687730550766e-05,1680,1680,1.0,31
27,fedavg,plain,0.17302483712022138,plain,2.6370398700237274e-06,2.5719869881868362e-05,1680,1680,1.0,31
28,fedavg,plain,0.1722799323211008,plain,2.8568319976329803e-06,2.2675376385450363e-05,1680,1680,1.0,31
29,fedavg,plain,0.171573551637248,plain,3.0300579965114594e-06,2.193031832575798e-05,1680,1680,1.0,31
30,fedavg,plain,0.17090273650762836,plain,2.9532238841056824e-06,2.4180393666028976e-05,1680,1680,1.0,31
1,fedprox,plain,0.3218029261188096,plain,3.2479874789714813e-06,2.358667552471161e-05,1680,1680,1.0,31
2,fedprox,plain,0.26555064858617766,plain,3.135763108730316e-06,2.0874198526144028e-05,1680,1680,1.0,31
3,fedprox,plain,0.2426404168326232,plain,2.8391368687152863e-06,1.9996892660856247e-05,1680,1680,1.0,31
4,fedprox,plain,0.22955141388851802,plain,3.7816353142261505e-06,2.270657569169998e-05,1680,1680,1.0,31
5,fedprox,plain,0.22073678467156727,plain,3.1599774956703186e-06,2.196105197072029e-05,1680,1680,1.0,31
6,fedprox,plain,0.21419654536157404,plain,3.7401914596557617e-06,2.5832094252109528e-05,1680,1680,1.0,31
7,fedprox,plain,0.20903404206066684,plain,3.126915544271469e-06,2.2644642740488052e-05,1680,1680,1.0,31
8,fedprox,plain,0.2047857266780732,plain,3.0961818993091583e-06,2.0183157175779343e-05,1680,1680,1.0,31
9,fedprox,plain,0.20118610734591483,plain,3.043096512556076e-06,2.1988991647958755e-05,1680,1680,1.0,31
10,fedprox,plain,0.19807078597572453,plain,3.3457763493061066e-06,2.0178966224193573e-05,1680,1680,1.0,31
11,fedprox,plain,0.1953314815466284,plain,2.862885594367981e-06,2.1981075406074524e-05,1680,1680,1.0,31
12,fedprox,plain,0.19289321335138293,plain,2.752058207988739e-06,2.3360829800367355e-05,1680,1680,1.0,31
13,fedprox,plain,0.1907018735138035,plain,2.857297658920288e-06,1.9695144146680832e-05,1680,1680,1.0,31
14,fedprox,plain,0.1887170529664315,plain,3.4850090742111206e-06,2.8641894459724426e-05,1680,1680,1.0,31
15,fedprox,plain,0.1869076932299693,plain,3.3099204301834106e-06,2.3860950022935867e-05,1680,1680,1.0,31
16,fedprox,plain,0.18524933871569874,plain,3.0118972063064575e-06,1.9731000065803528e-05,1680,1680,1.0,31
17,fedprox,plain,0.18372233630579918,plain,3.514345735311508e-06,1.9968021661043167e-05,1680,1680,1.0,31
18,fedprox,plain,0.18231061733595233,plain,3.489665687084198e-06,2.1685846149921417e-05,1680,1680,1.0,31
19,fedprox,plain,0.18100084982078904,plain,4.021916538476944e-06,2.396106719970703e-05,1680,1680,1.0,31
20,fedprox,plain,0.17978183315202753,plain,3.4510158002376556e-06,2.42539681494236e-05,1680,1680,1.0,31
21,fedprox,plain,0.1786440558942955,plain,3.069639205932617e-06,2.2059306502342224e-05,1680,1680,1.0,31
22,fedprox,plain,0.17757936597967358,plain,2.5457702577114105e-06,1.951213926076889e-05,1680,1680,1.0,31
23,fedprox,plain,0.17658072009551515,plain,3.0677765607833862e-06,2.0134728401899338e-05,1680,1680,1.0,31
24,fedprox,plain,0.17564199001445857,plain,3.1921081244945526e-06,2.4206936359405518e-05,1680,1680,1.0,31
25,fedprox,plain,0.1747578106395168,plain,3.7350691854953766e-06,2.39410437643528e-05,1680,1680,1.0,31
26,fedprox,plain,0.17392345913941548,plain,2.868007868528366e-06,2.016732469201088e-05,1680,1680,1.0,31
27,fedprox,plain,0.1731347576255659,plain,3.6517158150672913e-06,2.239411696791649e-05,1680,1680,1.0,31
28,fedprox,plain,0.1723879939165652,plain,3.1101517379283905e-06,1.9562896341085434e-05,1680,1680,1.0,31
29,fedprox,plain,0.171679856387,plain,2.9569491744041443e-06,2.0476989448070526e-05,1680,1680,1.0,31
30,fedprox,plain,0.17100737991873657,plain,3.082677721977234e-06,2.669682726264e-05,1680,1680,1.0,31
1,fedavg,secureagg,0.3208628611638066,secureagg,3.8440339267253876e-06,2.631591632962227e-05,1680,3360,2.0,31
2,fedavg,secureagg,0.265017609203924,secureagg,3.1171366572380066e-06,2.044718712568283e-05,1680,3360,2.0,31
3,fedavg,secureagg,0.24226670267762018,secureagg,3.146938979625702e-06,2.1115876734256744e-05,1680,3360,2.0,31
4,fedavg,secureagg,0.22925502849613538,secureagg,3.1800009310245514e-06,2.219807356595993e-05,1680,3360,2.0,31
5,fedavg,secureagg,0.22048433898228686,secureagg,2.8260983526706696e-06,2.0198989659547806e-05,1680,3360,2.0,31
6,fedavg,secureagg,0.21397191012492445,secureagg,3.3392570912837982e-06,1.9269995391368866e-05,1680,3360,2.0,31
7,fedavg,secureagg,0.2088284905747091,secureagg,3.822147846221924e-06,2.409517765045166e-05,1680,3360,2.0,31
8,fedavg,secureagg,0.20459413986278996,secureagg,3.7262216210365295e-06,2.2615306079387665e-05,1680,3360,2.0,31
9,fedavg,secureagg,0.2010052910837318,secureagg,3.394670784473419e-06,2.559088170528412e-05,1680,3360,2.0,31
10,fedavg,secureagg,0.19789864433211404,secureagg,3.1939707696437836e-06,2.2129155695438385e-05,1680,3360,2.0,31
11,fedavg,secureagg,0.19516657795294734,secureagg,3.2032839953899384e-06,2.2285152226686478e-05,1680,3360,2.0,31
12,fedavg,secureagg,0.192734523470624,secureagg,3.779307007789612e-06,2.1080952137708664e-05,1680,3360,2.0,31
13,fedavg,secureagg,0.19054863945126285,secureagg,2.8419308364391327e-06,1.99219211935997e-05,1680,3360,2.0,31
14,fedavg,secureagg,0.18856869404256074,secureagg,3.400258719921112e-06,2.2416003048419952e-05,1680,3360,2.0,31
15,fedavg,secureagg,0.18676374973055415,secureagg,2.696644514799118e-06,1.925090327858925e-05,1680,3360,2.0,31
16,fedavg,secureagg,0.18510943556241372,secureagg,3.3620744943618774e-06,2.097291871905327e-05,1680,3360,2.0,31
17,fedavg,secureagg,0.18358615911234616,secureagg,3.1921081244945526e-06,1.9646715372800827e-05,1680,3360,2.0,31
18,fedavg,secureagg,0.1821778963486313,secureagg,3.2419338822364807e-06,2.1545682102441788e-05,1680,3360,2.0,31
19,fedavg,secureagg,0.18087134897592289,secureagg,3.453809767961502e-06,2.6794616132974625e-05,1680,3360,2.0,31
20,fedavg,secureagg,0.17965534250724208,secureagg,3.4659169614315033e-06,2.2380147129297256e-05,1680,3360,2.0,31
21,fedavg,secureagg,0.17852038631387573,secureagg,3.6051496863365173e-06,2.5921035557985306e-05,1680,3360,2.0,31
22,fedavg,secureagg,0.17745834534269075,secureagg,2.9657967388629913e-06,2.6304274797439575e-05,1680,3360,2.0,31
23,fedavg,secureagg,0.17646219054264023,secureagg,3.3690594136714935e-06,2.6563648134469986e-05,1680,3360,2.0,31
24,fedavg,secureagg,0.17552580590947636,secureagg,3.4258700907230377e-06,2.1529383957386017e-05,1680,3360,2.0,31
25,fedavg,secureagg,0.17464383702675318,secureagg,3.262888640165329e-06,2.1640677005052567e-05,1680,3360,2.0,31
26,fedavg,secureagg,0.17381157054825397,secureagg,3.046821802854538e-06,1.9911210983991623e-05,1680,3360,2.0,31
27,fedavg,secureagg,0.17302483712022138,secureagg,3.138091415166855e-06,2.1751970052719116e-05,1680,3360,2.0,31
28,fedavg,secureagg,0.1722799323211008,secureagg,3.2638199627399445e-06,2.1643005311489105e-05,1680,3360,2.0,31
29,fedavg,secureagg,0.171573551637248,secureagg,3.0458904802799225e-06,2.3969914764165878e-05,1680,3360,2.0,31
30,fedavg,secureagg,0.17090273650762836,secureagg,3.7406571209430695e-06,2.2655818611383438e-05,1680,3360,2.0,31
1,fedavg,heagg,0.3208628611638066,heagg,9.233597666025162e-05,2.766493707895279e-05,1680,26880,16.0,31
2,fedavg,heagg,0.2650176287233071,heagg,2.6097986847162247e-05,2.575526013970375e-05,1680,26880,16.0,31
3,fedavg,heagg,0.2422666923816111,heagg,3.351503983139992e-05,2.88989394903183e-05,1680,26880,16.0,31
4,fedavg,heagg,0.22925501294576703,heagg,3.0369963496923447e-05,3.2629817724227905e-05,1680,26880,16.0,31
5,fedavg,heagg,0.2204843352036711,heagg,2.6880763471126556e-05,2.8728041797876358e-05,1680,26880,16.0,31
6,fedavg,heagg,0.2139719135015155,heagg,3.0844006687402725e-05,3.4914351999759674e-05,1680,26880,16.0,31
7,fedavg,heagg,0.2088284980755318,heagg,3.573065623641014e-05,2.5924760848283768e-05,1680,26880,16.0,31
8,fedavg,heagg,0.20459414067530912,heagg,2.6949681341648102e-05,2.6274006813764572e-05,1680,26880,16.0,31
9,fedavg,heagg,0.20100529733831474,heagg,2.4714041501283646e-05,2.4924054741859436e-05,1680,26880,16.0,31
10,fedavg,heagg,0.1978986520685752,heagg,3.219395875930786e-05,2.6009976863861084e-05,1680,26880,16.0,31
11,fedavg,heagg,0.19516660735706876,heagg,2.687796950340271e-05,3.053620457649231e-05,1680,26880,16.0,31
12,fedavg,heagg,0.19273455654745728,heagg,2.688588574528694e-05,2.5747809559106827e-05,1680,26880,16.0,31
13,fedavg,heagg,0.19054865185454126,heagg,3.2289884984493256e-05,2.3770611733198166e-05,1680,26880,16.0,31
14,fedavg,heagg,0.18856870874952286,heagg,2.7008820325136185e-05,2.841465175151825e-05,1680,26880,16.0,31
15,fedavg,heagg,0.1867637590329289,heagg,2.642488107085228e-05,2.9638409614562988e-05,1680,26880,16.0,31
16,fedavg,heagg,0.18510945132037787,heagg,2.8162728995084763e-05,2.6374123990535736e-05,1680,26880,16.0,31
17,fedavg,heagg,0.18358617087221962,heagg,2.618599683046341e-05,3.2528769224882126e-05,1680,26880,16.0,31
18,fedavg,heagg,0.18217790638801554,heagg,2.4526845663785934e-05,2.4035107344388962e-05,1680,26880,16.0,31
19,fedavg,heagg,0.18087135642649413,heagg,2.7004163712263107e-05,2.5626271963119507e-05,1680,26880,16.0,31
20,fedavg,heagg,0.17965534165576302,heagg,2.3944303393363953e-05,2.4289824068546295e-05,1680,26880,16.0,31
21,fedavg,heagg,0.17852038688605487,heagg,2.951687201857567e-05,2.71601602435112e-05,1680,26880,16.0,31
22,fedavg,heagg,0.17745834453343462,heagg,3.374181687831879e-05,2.640392631292343e-05,1680,26880,16.0,31
23,fedavg,heagg,0.1764621824908996,heagg,2.791173756122589e-05,2.7297064661979675e-05,1680,26880,16.0,31
24,fedavg,heagg,0.1755257910215461,heagg,2.7696136385202408e-05,3.278814256191254e-05,1680,26880,16.0,31
25,fedavg,heagg,0.17464383260413913,heagg,2.7618836611509323e-05,3.293994814157486e-05,1680,26880,16.0,31
26,fedavg,heagg,0.17381157066338065,heagg,3.512715920805931e-05,3.0197203159332275e-05,1680,26880,16.0,31
27,fedavg,heagg,0.1730248325021709,heagg,2.8195790946483612e-05,3.095809370279312e-05,1680,26880,16.0,31
28,fedavg,heagg,0.17227992336161554,heagg,3.2463110983371735e-05,3.505917266011238e-05,1680,26880,16.0,31
29,fedavg,heagg,0.17157354200996694,heagg,2.8417911380529404e-05,2.775713801383972e-05,1680,26880,16.0,31
30,fedavg,heagg,0.17090273072745207,heagg,4.249159246683121e-05,2.750195562839508e-05,1680,26880,16.0,31
1,fedavg,plain,0.31564968871980237,plain,7.649417966604233e-06,3.0538998544216156e-05,1680,1680,1.0,37
2,fedavg,plain,0.25989688577636194,plain,4.236120730638504e-06,2.8936658054590225e-05,1680,1680,1.0,37
3,fedavg,plain,0.23729503971738658,plain,3.5427510738372803e-06,2.7624890208244324e-05,1680,1680,1.0,37
4,fedavg,plain,0.22445285198838535,plain,3.899913281202316e-06,2.5656074285507202e-05,1680,1680,1.0,37
5,fedavg,plain,0.21583961930606566,plain,3.797002136707306e-06,2.5759916752576828e-05,1680,1680,1.0,37
6,fedavg,plain,0.20946367738107258,plain,3.720168024301529e-06,2.5169923901557922e-05,1680,1680,1.0,37
7,fedavg,plain,0.2044346375478236,plain,3.6708079278469086e-06,2.550845965743065e-05,1680,1680,1.0,37
8,fedavg,plain,0.20029404839871737,plain,3.5492703318595886e-06,2.4646054953336716e-05,1680,1680,1.0,37
9,fedavg,plain,0.19678065131426145,plain,3.500375896692276e-06,2.6206951588392258e-05,1680,1680,1.0,37
10,fedavg,plain,0.19373358484996825,plain,3.957189619541168e-06,2.5823712348937988e-05,1680,1680,1.0,37
11,fedavg,plain,0.19104752835819067,plain,3.911089152097702e-06,2.7169939130544662e-05,1680,1680,1.0,37
12,fedavg,plain,0.18864998179859133,plain,3.5297125577926636e-06,2.125697210431099e-05,1680,1680,1.0,37
13,fedavg,plain,0.18648891798307926,plain,3.0086375772953033e-06,2.0916573703289032e-05,1680,1680,1.0,37
14,fedavg,plain,0.18452567470919884,plain,3.2959505915641785e-06,1.8655788153409958e-05,1680,1680,1.0,37
15,fedavg,plain,0.18273066143868927,plain,2.9508955776691437e-06,1.852167770266533e-05,1680,1680,1.0,37
16,fedavg,plain,0.18108065715973262,plain,3.2833777368068695e-06,1.8530990928411484e-05,1680,1680,1.0,37
17,fedavg,plain,0.17955704780735995,plain,3.0691735446453094e-06,1.8407125025987625e-05,1680,1680,1.0,37
18,fedavg,plain,0.17814463971881145,plain,2.920161932706833e-06,1.819804310798645e-05,1680,1680,1.0,37
19,fedavg,plain,0.17683083808050537,plain,3.1976960599422455e-06,1.9724946469068527e-05,1680,1680,1.0,37
20,fedavg,plain,0.17560506351140004,plain,2.952292561531067e-06,1.843273639678955e-05,1680,1680,1.0,37
21,fedavg,plain,0.17445832815613282,plain,3.335997462272644e-06,1.8277205526828766e-05,1680,1680,1.0,37
22,fedavg,plain,0.1733829212015698,plain,3.6437995731830597e-06,2.1871179342269897e-05,1680,1680,1.0,37
23,fedavg,plain,0.17237217111390948,plain,3.037974238395691e-06,1.9181054085493088e-05,1680,1680,1.0,37
24,fedavg,plain,0.17142026275880026,plain,3.0347146093845367e-06,1.9294675439596176e-05,1680,1680,1.0,37
25,fedavg,plain,0.17052209451865338,plain,3.751832991838455e-06,1.973891630768776e-05,1680,1680,1.0,37
26,fedavg,plain,0.16967316506477348,plain,2.868007868528366e-06,2.6312191039323807e-05,1680,1680,1.0,37
27,fedavg,plain,0.1688694824700158,plain,7.978174835443497e-06,1.9136816263198853e-05,1680,1680,1.0,37
28,fedavg,plain,0.16810749040265077,plain,2.8810463845729828e-06,1.857103779911995e-05,1680,1680,1.0,37
29,fedavg,plain,0.1673840075604156,plain,2.739951014518738e-06,1.869210973381996e-05,1680,1680,1.0,37
30,fedavg,plain,0.166696177498201,plain,3.0337832868099213e-06,1.8137041479349136e-05,1680,1680,1.0,37
1,fedprox,plain,0.3166150074453784,plain,3.1068921089172363e-06,2.169981598854065e-05,1680,1680,1.0,37
2,fedprox,plain,0.2604421818321387,plain,3.182794898748398e-06,2.02227383852005e-05,1680,1680,1.0,37
3,fedprox,plain,0.2376736828174446,plain,2.9513612389564514e-06,1.9322149455547333e-05,1680,1680,1.0,37
4,fedprox,plain,0.22474915712645807,plain,2.9727816581726074e-06,2.0433682948350906e-05,1680,1680,1.0,37
5,fedprox,plain,0.21608854453903903,plain,3.218185156583786e-06,1.9307713955640793e-05,1680,1680,1.0,37
6,fedprox,plain,0.20968239999190308,plain,3.1953677535057068e-06,2.0869076251983643e-05,1680,1680,1.0,37
7,fedprox,plain,0.20463260402924127,plain,3.1408853828907013e-06,2.0792242139577866e-05,1680,1680,1.0,37
8,fedprox,plain,0.2004768845976334,plain,2.8959475457668304e-06,1.8591061234474182e-05,1680,1680,1.0,37
9,fedprox,plain,0.19695191456000133,plain,2.777203917503357e-06,1.9000377506017685e-05,1680,1680,1.0,37
10,fedprox,plain,0.19389563438009388,plain,3.0510127544403076e-06,1.8890947103500366e-05,1680,1680,1.0,37
11,fedprox,plain,0.19120199271264923,plain,2.7241185307502747e-06,1.9310973584651947e-05,1680,1680,1.0,37
12,fedprox,plain,0.18879802535317947,plain,2.922024577856064e-06,1.8621794879436493e-05,1680,1680,1.0,37
13,fedprox,plain,0.18663140031334258,plain,2.573709934949875e-06,1.884298399090767e-05,1680,1680,1.0,37
14,fedprox,plain,0.18466324955470975,plain,2.8223730623722076e-06,1.88569538295269e-05,1680,1680,1.0,37
15,fedprox,plain,0.1828638400770472,plain,3.070104867219925e-06,2.0162202417850494e-05,1680,1680,1.0,37
16,fedprox,plain,0.18120985002975157,plain,3.091059625148773e-06,1.8137041479349136e-05,1680,1680,1.0,37
17,fedprox,plain,0.1796825924333649,plain,2.7921050786972046e-06,1.9949860870838165e-05,1680,1680,1.0,37
18,fedprox,plain,0.17826681978946932,plain,3.287568688392639e-06,1.9277911633253098e-05,1680,1680,1.0,37
19,fedprox,plain,0.17694989669626968,plain,3.1031668186187744e-06,1.877499744296074e-05,1680,1680,1.0,37
20,fedprox,plain,0.17572121252010425,plain,2.969987690448761e-06,2.0067207515239716e-05,1680,1680,1.0,37
21,fedprox,plain,0.17457175482544,plain,2.816319465637207e-06,1.894589513540268e-05,1680,1680,1.0,37
22,fedprox,plain,0.17349379305527626,plain,3.0710361897945404e-06,2.0592007786035538e-05,1680,1680,1.0,37
23,fedprox,plain,0.17248063948814146,plain,2.739951014518738e-06,1.874985173344612e-05,1680,1680,1.0,37
24,fedprox,plain,0.17152646545676029,plain,3.3676624298095703e-06,2.010120078921318e-05,1680,1680,1.0,37
25,fedprox,plain,0.1706261578245793,plain,2.639833837747574e-06,1.872098073363304e-05,1680,1680,1.0,37
26,fedprox,plain,0.16977520529821155,plain,2.6328489184379578e-06,1.8129125237464905e-05,1680,1680,1.0,37
27,fedprox,plain,0.16896960720723944,plain,2.9150396585464478e-06,1.973472535610199e-05,1680,1680,1.0,37
28,fedprox,plain,0.1682057994546741,plain,3.316439688205719e-06,1.7945189028978348e-05,1680,1680,1.0,37
29,fedprox,plain,0.16748059377109042,plain,2.7688220143318176e-06,1.9204802811145782e-05,1680,1680,1.0,37
30,fedprox,plain,0.16679112740772756,plain,2.8400681912899017e-06,2.381298691034317e-05,1680,1680,1.0,37
1,fedavg,secureagg,0.31564968871980237,secureagg,3.5921111702919006e-06,2.263905480504036e-05,1680,3360,2.0,37
2,fedavg,secureagg,0.25989688577636194,secureagg,3.3299438655376434e-06,2.045324072241783e-05,1680,3360,2.0,37
3,fedavg,secureagg,0.23729503971738658,secureagg,3.737863153219223e-06,2.2768042981624603e-05,1680,3360,2.0,37
4,fedavg,secureagg,0.22445285198838535,secureagg,3.9478763937950134e-06,2.1447893232107162e-05,1680,3360,2.0,37
5,fedavg,secureagg,0.21583961930606566,secureagg,3.5050325095653534e-06,2.1635089069604874e-05,1680,3360,2.0,37
6,fedavg,secureagg,0.20946367738107258,secureagg,3.79001721739769e-06,2.1723099052906036e-05,1680,3360,2.0,37
7,fedavg,secureagg,0.2044346375478236,secureagg,3.1427480280399323e-06,2.1090731024742126e-05,1680,3360,2.0,37
8,fedavg,secureagg,0.20029404839871737,secureagg,3.3350661396980286e-06,2.07400880753994e-05,1680,3360,2.0,37
9,fedavg,secureagg,0.19678065131426145,secureagg,3.1120143830776215e-06,2.1147076040506363e-05,1680,3360,2.0,37
10,fedavg,secureagg,0.19373358484996825,secureagg,3.109220415353775e-06,2.0380131900310516e-05,1680,3360,2.0,37
11,fedavg,secureagg,0.19104752835819067,secureagg,3.0086375772953033e-06,2.014078199863434e-05,1680,3360,2.0,37
12,fedavg,secureagg,0.18864998179859133,secureagg,4.05777245759964e-06,2.184975892305374e-05,1680,3360,2.0,37
13,fedavg,secureagg,0.18648891798307926,secureagg,3.15764918923378e-06,2.088584005832672e-05,1680,3360,2.0,37
14,fedavg,secureagg,0.18452567470919884,secureagg,3.959052264690399e-06,2.036476507782936e-05,1680,3360,2.0,37
15,fedavg,secureagg,0.18273066143868927,secureagg,3.4761615097522736e-06,2.154288813471794e-05,1680,3360,2.0,37
16,fedavg,secureagg,0.18108065715973262,secureagg,3.6349520087242126e-06,2.246582880616188e-05,1680,3360,2.0,37
17,fedavg,secureagg,0.17955704780735995,secureagg,3.494787961244583e-06,2.3097731173038483e-05,1680,3360,2.0,37
18,fedavg,secureagg,0.17814463971881145,secureagg,3.79001721739769e-06,2.34958715736866e-05,1680,3360,2.0,37
19,fedavg,secureagg,0.17683083808050537,secureagg,3.7159770727157593e-06,2.3224856704473495e-05,1680,3360,2.0,37
20,fedavg,secureagg,0.17560506351140004,secureagg,4.202127456665039e-06,2.6392284780740738e-05,1680,3360,2.0,37
21,fedavg,secureagg,0.17445832815613282,secureagg,3.623776137828827e-06,2.284487709403038e-05,1680,3360,2.0,37
22,fedavg,secureagg,0.1733829212015698,secureagg,3.662891685962677e-06,2.070702612400055e-05,1680,3360,2.0,37
23,fedavg,secureagg,0.17237217111390948,secureagg,3.526918590068817e-06,2.1412968635559082e-05,1680,3360,2.0,37
24,fedavg,secureagg,0.17142026275880026,secureagg,3.000255674123764e-06,2.0053237676620483e-05,1680,3360,2.0,37
25,fedavg,secureagg,0.17052209451865338,secureagg,3.1008385121822357e-06,2.0398292690515518e-05,1680,3360,2.0,37
26,fedavg,secureagg,0.16967316506477348,secureagg,3.5651028156280518e-06,2.1662097424268723e-05,1680,3360,2.0,37
27,fedavg,secureagg,0.1688694824700158,secureagg,3.4025870263576508e-06,2.7720816433429718e-05,1680,3360,2.0,37
28,fedavg,secureagg,0.16810749040265077,secureagg,4.527159035205841e-06,2.158200368285179e-05,1680,3360,2.0,37
29,fedavg,secureagg,0.1673840075604156,secureagg,2.9942020773887634e-06,1.957407221198082e-05,1680,3360,2.0,37
30,fedavg,secureagg,0.166696177498201,secureagg,3.236345946788788e-06,2.0665116608142853e-05,1680,3360,2.0,37
1,fedavg,heagg,0.31564968871980237,heagg,4.137726500630379e-05,2.8348993510007858e-05,1680,26880,16.0,37
2,fedavg,heagg,0.25989690600804927,heagg,2.4158041924238205e-05,2.4810899049043655e-05,1680,26880,16.0,37
3,fedavg,heagg,0.23729504134470242,heagg,2.370588481426239e-05,2.343207597732544e-05,1680,26880,16.0,37
4,fedavg,heagg,0.22445284706642216,heagg,2.3581087589263916e-05,2.290494740009308e-05,1680,26880,16.0,37
5,fedavg,heagg,0.21583960759171888,heagg,2.330867573618889e-05,2.296408638358116e-05,1680,26880,16.0,37
6,fedavg,heagg,0.20946367794054552,heagg,2.34898179769516e-05,2.257898449897766e-05,1680,26880,16.0,37
7,fedavg,heagg,0.20443464173628714,heagg,2.351216971874237e-05,2.2747088223695755e-05,1680,26880,16.0,37
8,fedavg,heagg,0.20029405076302145,heagg,2.543581649661064e-05,2.549402415752411e-05,1680,26880,16.0,37
9,fedavg,heagg,0.19678065893075442,heagg,2.512894570827484e-05,2.492312341928482e-05,1680,26880,16.0,37
10,fedavg,heagg,0.19373359264291717,heagg,2.601463347673416e-05,2.5074928998947144e-05,1680,26880,16.0,37
11,fedavg,heagg,0.19104754981370708,heagg,2.3148953914642334e-05,2.313125878572464e-05,1680,26880,16.0,37
12,fedavg,heagg,0.18865000556362904,heagg,2.276478335261345e-05,2.2810883820056915e-05,1680,26880,16.0,37
13,fedavg,heagg,0.18648893276597506,heagg,2.303207293152809e-05,2.559041604399681e-05,1680,26880,16.0,37
14,fedavg,heagg,0.18452567695233743,heagg,2.3715198040008545e-05,2.3383647203445435e-05,1680,26880,16.0,37
15,fedavg,heagg,0.18273066551977374,heagg,2.4375971406698227e-05,2.353312447667122e-05,1680,26880,16.0,37
16,fedavg,heagg,0.18108064876730748,heagg,2.2502150386571884e-05,2.2132880985736847e-05,1680,26880,16.0,37
17,fedavg,heagg,0.1795570368716938,heagg,2.5047920644283295e-05,2.4753157049417496e-05,1680,26880,16.0,37
18,fedavg,heagg,0.1781446357500322,heagg,2.3440923541784286e-05,2.2623222321271896e-05,1680,26880,16.0,37
19,fedavg,heagg,0.17683083159187257,heagg,2.6440247893333435e-05,2.6384834200143814e-05,1680,26880,16.0,37
20,fedavg,heagg,0.17560506220995908,heagg,2.6880763471126556e-05,2.6073306798934937e-05,1680,26880,16.0,37
21,fedavg,heagg,0.17445832075544657,heagg,2.3215077817440033e-05,2.3763161152601242e-05,1680,26880,16.0,37
22,fedavg,heagg,0.1733829179097954,heagg,2.3892149329185486e-05,2.3220200091600418e-05,1680,26880,16.0,37
23,fedavg,heagg,0.17237216600391486,heagg,2.2716354578733444e-05,2.234615385532379e-05,1680,26880,16.0,37
24,fedavg,heagg,0.17142027292413903,heagg,2.3245811462402344e-05,2.306094393134117e-05,1680,26880,16.0,37
25,fedavg,heagg,0.17052210005904564,heagg,2.359086647629738e-05,2.2137071937322617e-05,1680,26880,16.0,37
26,fedavg,heagg,0.16967317295554077,heagg,2.306327223777771e-05,2.2617168724536896e-05,1680,26880,16.0,37
27,fedavg,heagg,0.1688694854749318,heagg,2.56439670920372e-05,2.4100299924612045e-05,1680,26880,16.0,37
28,fedavg,heagg,0.16810748843132847,heagg,2.384418621659279e-05,2.607237547636032e-05,1680,26880,16.0,37
29,fedavg,heagg,0.16738401314544585,heagg,2.6112888008356094e-05,2.5984831154346466e-05,1680,26880,16.0,37
30,fedavg,heagg,0.16669618514223342,heagg,2.7358997613191605e-05,2.750800922513008e-05,1680,26880,16.0,37
1,fedavg,plain,0.3187957911382602,plain,6.644055247306824e-06,2.7262140065431595e-05,1680,1680,1.0,41
2,fedavg,plain,0.2628112227882876,plain,4.009809345006943e-06,2.794293686747551e-05,1680,1680,1.0,41
3,fedavg,plain,0.2403631829719793,plain,3.727152943611145e-06,2.5921035557985306e-05,1680,1680,1.0,41
4,fedavg,plain,0.2277003714230701,plain,4.091765731573105e-06,2.4899840354919434e-05,1680,1680,1.0,41
5,fedavg,plain,0.21925433448345535,plain,2.9657967388629913e-06,2.074195072054863e-05,1680,1680,1.0,41
6,fedavg,plain,0.21302614717335427,plain,3.81888821721077e-06,2.1993182599544525e-05,1680,1680,1.0,41
7,fedavg,plain,0.20812535893804637,plain,3.82494181394577e-06,2.4922192096710205e-05,1680,1680,1.0,41
8,fedavg,plain,0.2040955392160601,plain,3.516674041748047e-06,2.061203122138977e-05,1680,1680,1.0,41
9,fedavg,plain,0.20067790372538702,plain,2.83634290099144e-06,1.9871164113283157e-05,1680,1680,1.0,41
10,fedavg,plain,0.19771396383736312,plain,3.527384251356125e-06,2.154521644115448e-05,1680,1680,1.0,41
11,fedavg,plain,0.19510049609722,plain,3.21120023727417e-06,2.1958723664283752e-05,1680,1680,1.0,41
12,fedavg,plain,0.19276678916054243,plain,3.2046809792518616e-06,2.7834903448820114e-05,1680,1680,1.0,41
13,fedavg,plain,0.1906623146209328,plain,3.295019268989563e-06,1.975288614630699e-05,1680,1680,1.0,41
14,fedavg,plain,0.18874965415413686,plain,2.986285835504532e-06,1.955730840563774e-05,1680,1680,1.0,41
15,fedavg,plain,0.18700024384227315,plain,3.2009556889533997e-06,1.985998824238777e-05,1680,1680,1.0,41
16,fedavg,plain,0.18539170709461875,plain,2.842862159013748e-06,1.916615292429924e-05,1680,1680,1.0,41
17,fedavg,plain,0.18390612284870284,plain,3.0458904802799225e-06,2.1945685148239136e-05,1680,1680,1.0,41
18,fedavg,plain,0.18252886528592127,plain,3.3760443329811096e-06,2.1033920347690582e-05,1680,1680,1.0,41
19,fedavg,plain,0.18124780434067098,plain,2.8507784008979797e-06,2.0183157175779343e-05,1680,1680,1.0,41
20,fedavg,plain,0.1800527406568139,plain,3.4603290259838104e-06,1.9410625100135803e-05,1680,1680,1.0,41
21,fedavg,plain,0.17893499690055364,plain,2.9457733035087585e-06,1.960713416337967e-05,1680,1680,1.0,41
22,fedavg,plain,0.17788711584163985,plain,2.6030465960502625e-06,1.9537750631570816e-05,1680,1680,1.0,41
23,fedavg,plain,0.17690263293910014,plain,2.745073288679123e-06,1.913914456963539e-05,1680,1680,1.0,41
24,fedavg,plain,0.1759759019703366,plain,2.946704626083374e-06,1.9548926502466202e-05,1680,1680,1.0,41
25,fedavg,plain,0.17510195913553908,plain,3.494787961244583e-06,1.9283033907413483e-05,1680,1680,1.0,41
26,fedavg,plain,0.1742764155609355,plain,3.177206963300705e-06,2.0075123757123947e-05,1680,1680,1.0,41
27,fedavg,plain,0.17349537110784108,plain,3.1529925763607025e-06,1.9533559679985046e-05,1680,1680,1.0,41
28,fedavg,plain,0.17275534441161491,plain,3.070104867219925e-06,1.9597820937633514e-05,1680,1680,1.0,41
29,fedavg,plain,0.17205321546118246,plain,3.1050294637680054e-06,1.9568949937820435e-05,1680,1680,1.0,41
30,fedavg,plain,0.17138617799775507,plain,3.383960574865341e-06,2.9756687581539154e-05,1680,1680,1.0,41
1,fedprox,plain,0.31975711844013505,plain,2.9918737709522247e-06,2.2348947823047638e-05,1680,1680,1.0,41
2,fedprox,plain,0.26334856710355614,plain,3.0850060284137726e-06,2.0242761820554733e-05,1680,1680,1.0,41
3,fedprox,plain,0.2407321362308914,plain,3.2531097531318665e-06,2.0483974367380142e-05,1680,1680,1.0,41
4,fedprox,plain,0.22798654019067097,plain,3.1529925763607025e-06,2.1684914827346802e-05,1680,1680,1.0,41
5,fedprox,plain,0.21949323113485164,plain,3.1297095119953156e-06,2.098735421895981e-05,1680,1680,1.0,41
6,fedprox,plain,0.21323523698385127,plain,2.975109964609146e-06,1.887185499072075e-05,1680,1680,1.0,41
7,fedprox,plain,0.20831423877135333,plain,3.7080608308315277e-06,2.443278208374977e-05,1680,1680,1.0,41
8,fedprox,plain,0.20426990640324166,plain,2.8759241104125977e-06,2.0225998014211655e-05,1680,1680,1.0,41
9,fedprox,plain,0.20084133994712147,plain,3.2009556889533997e-06,2.0623672753572464e-05,1680,1680,1.0,41
10,fedprox,plain,0.19786882405803796,plain,3.0188821256160736e-06,2.084905281662941e-05,1680,1680,1.0,41
11,fedprox,plain,0.1952483872999533,plain,2.975109964609146e-06,2.1157320588827133e-05,1680,1680,1.0,41
12,fedprox,plain,0.19290884408659328,plain,3.135763108730316e-06,2.093520015478134e-05,1680,1680,1.0,41
13,fedprox,plain,0.19079935582476726,plain,2.907123416662216e-06,1.9543804228305817e-05,1680,1680,1.0,41
14,fedprox,plain,0.1888822960599443,plain,3.1869858503341675e-06,2.4600885808467865e-05,1680,1680,1.0,41
15,fedprox,plain,0.18712895815655042,plain,3.254041075706482e-06,2.0928215235471725e-05,1680,1680,1.0,41
16,fedprox,plain,0.1855168657547319,plain,3.037974238395691e-06,1.9434839487075806e-05,1680,1680,1.0,41
17,fedprox,plain,0.18402802678102154,plain,3.2172538340091705e-06,1.950422301888466e-05,1680,1680,1.0,41
18,fedprox,plain,0.18264776397645394,plain,2.9583461582660675e-06,1.9151251763105392e-05,1680,1680,1.0,41
19,fedprox,plain,0.1813639093359469,plain,3.1031668186187744e-06,1.934915781021118e-05,1680,1680,1.0,41
20,fedprox,plain,0.18016623498789877,plain,3.3332034945487976e-06,2.660788595676422e-05,1680,1680,1.0,41
21,fedprox,plain,0.17904604173149796,plain,3.526918590068817e-06,2.1476298570632935e-05,1680,1680,1.0,41
22,fedprox,plain,0.1779958552073262,plain,3.407243639230728e-06,2.9622111469507217e-05,1680,1680,1.0,41
23,fedprox,plain,0.17700919715596763,plain,8.37305560708046e-06,2.222927287220955e-05,1680,1680,1.0,41
24,fedprox,plain,0.17608041011838718,plain,3.264285624027252e-06,3.085099160671234e-05,1680,1680,1.0,41
25,fedprox,plain,0.175204520886361,plain,3.521796315908432e-06,2.203136682510376e-05,1680,1680,1.0,41
26,fedprox,plain,0.1743771325427151,plain,2.787914127111435e-06,1.9563362002372742e-05,1680,1680,1.0,41
27,fedprox,plain,0.1735943379409484,plain,2.88989394903183e-06,2.17389315366745e-05,1680,1680,1.0,41
28,fedprox,plain,0.17285264950867107,plain,3.1134113669395447e-06,2.205418422818184e-05,1680,1680,1.0,41
29,fedprox,plain,0.17214894165786992,plain,3.182794898748398e-06,1.8952880054712296e-05,1680,1680,1.0,41
30,fedprox,plain,0.1714804030612537,plain,2.923887223005295e-06,1.8952880054712296e-05,1680,1680,1.0,41
1,fedavg,secureagg,0.3187957911382602,secureagg,3.4850090742111206e-06,3.1330157071352005e-05,1680,3360,2.0,41
2,fedavg,secureagg,0.2628112227882876,secureagg,3.420282155275345e-06,2.079922705888748e-05,1680,3360,2.0,41
3,fedavg,secureagg,0.2403631829719793,secureagg,3.383960574865341e-06,2.017570659518242e-05,1680,3360,2.0,41
4,fedavg,secureagg,0.2277003714230701,secureagg,3.146938979625702e-06,1.9249040633440018e-05,1680,3360,2.0,41
5,fedavg,secureagg,0.21925433448345535,secureagg,3.0850060284137726e-06,1.978222280740738e-05,1680,3360,2.0,41
6,fedavg,secureagg,0.21302614717335427,secureagg,2.9262155294418335e-06,1.8964987248182297e-05,1680,3360,2.0,41
7,fedavg,secureagg,0.20812535893804637,secureagg,3.236345946788788e-06,1.9115395843982697e-05,1680,3360,2.0,41
8,fedavg,secureagg,0.2040955392160601,secureagg,2.874992787837982e-06,2.6677735149860382e-05,1680,3360,2.0,41
9,fedavg,secureagg,0.20067790372538702,secureagg,3.146938979625702e-06,1.9047874957323074e-05,1680,3360,2.0,41
10,fedavg,secureagg,0.19771396383736312,secureagg,3.1208619475364685e-06,2.0503997802734375e-05,1680,3360,2.0,41
11,fedavg,secureagg,0.19510049609722,secureagg,3.6386772990226746e-06,2.1906103938817978e-05,1680,3360,2.0,41
12,fedavg,secureagg,0.19276678916054243,secureagg,3.160908818244934e-06,1.9183848053216934e-05,1680,3360,2.0,41
13,fedavg,secureagg,0.1906623146209328,secureagg,3.136228770017624e-06,1.9083265215158463e-05,1680,3360,2.0,41
14,fedavg,secureagg,0.18874965415413686,secureagg,3.1408853828907013e-06,1.920713111758232e-05,1680,3360,2.0,41
15,fedavg,secureagg,0.18700024384227315,secureagg,3.194902092218399e-06,1.9276980310678482e-05,1680,3360,2.0,41
16,fedavg,secureagg,0.18539170709461875,secureagg,3.1618401408195496e-06,1.9581057131290436e-05,1680,3360,2.0,41
17,fedavg,secureagg,0.18390612284870284,secureagg,2.8070062398910522e-06,1.8869992345571518e-05,1680,3360,2.0,41
18,fedavg,secureagg,0.18252886528592127,secureagg,3.385823220014572e-06,1.8964987248182297e-05,1680,3360,2.0,41
19,fedavg,secureagg,0.18124780434067098,secureagg,3.1981617212295532e-06,1.8998980522155762e-05,1680,3360,2.0,41
20,fedavg,secureagg,0.1800527406568139,secureagg,3.030989319086075e-06,3.0226074159145355e-05,1680,3360,2.0,41
21,fedavg,secureagg,0.17893499690055364,secureagg,3.2349489629268646e-06,2.0442064851522446e-05,1680,3360,2.0,41
22,fedavg,secureagg,0.17788711584163985,secureagg,3.06498259305954e-06,2.2485852241516113e-05,1680,3360,2.0,41
23,fedavg,secureagg,0.17690263293910014,secureagg,3.4258700907230377e-06,1.9079074263572693e-05,1680,3360,2.0,41
24,fedavg,secureagg,0.1759759019703366,secureagg,3.2940879464149475e-06,1.8998980522155762e-05,1680,3360,2.0,41
25,fedavg,secureagg,0.17510195913553908,secureagg,3.0957162380218506e-06,2.391776069998741e-05,1680,3360,2.0,41
26,fedavg,secureagg,0.1742764155609355,secureagg,3.3578835427761078e-06,2.0168721675872803e-05,1680,3360,2.0,41
27,fedavg,secureagg,0.17349537110784108,secureagg,3.341585397720337e-06,2.0703766494989395e-05,1680,3360,2.0,41
28,fedavg,secureagg,0.17275534441161491,secureagg,2.9709190130233765e-06,1.9038096070289612e-05,1680,3360,2.0,41
29,fedavg,secureagg,0.17205321546118246,secureagg,3.0980445444583893e-06,1.866184175014496e-05,1680,3360,2.0,41
30,fedavg,secureagg,0.17138617799775507,secureagg,3.295019268989563e-06,2.117874100804329e-05,1680,3360,2.0,41
1,fedavg,heagg,0.3187957911382602,heagg,4.307786002755165e-05,2.5991816073656082e-05,1680,26880,16.0,41
2,fedavg,heagg,0.26281122764218234,heagg,2.4931039661169052e-05,2.3765023797750473e-05,1680,26880,16.0,41
3,fedavg,heagg,0.24036316427697998,heagg,2.770218998193741e-05,2.2932887077331543e-05,1680,26880,16.0,41
4,fedavg,heagg,0.22770036031368676,heagg,2.537434920668602e-05,2.5227200239896774e-05,1680,26880,16.0,41
5,fedavg,heagg,0.2192543193915581,heagg,2.229074016213417e-05,2.3169908672571182e-05,1680,26880,16.0,41
6,fedavg,heagg,0.21302613331804404,heagg,2.3298431187868118e-05,2.3731961846351624e-05,1680,26880,16.0,41
7,fedavg,heagg,0.20812535431157847,heagg,2.2961758077144623e-05,2.2307969629764557e-05,1680,26880,16.0,41
8,fedavg,heagg,0.20409554061447954,heagg,2.2738706320524216e-05,2.2478867322206497e-05,1680,26880,16.0,41
9,fedavg,heagg,0.20067791020646975,heagg,2.4629756808280945e-05,2.468423917889595e-05,1680,26880,16.0,41
10,fedavg,heagg,0.19771396938807323,heagg,2.3999251425266266e-05,2.4263747036457062e-05,1680,26880,16.0,41
11,fedavg,heagg,0.19510050760746972,heagg,3.410782665014267e-05,2.8893817216157913e-05,1680,26880,16.0,41
12,fedavg,heagg,0.19276679600185756,heagg,2.3410189896821976e-05,2.38688662648201e-05,1680,26880,16.0,41
13,fedavg,heagg,0.1906623298534028,heagg,3.1079165637493134e-05,2.3676082491874695e-05,1680,26880,16.0,41
14,fedavg,heagg,0.18874966566255522,heagg,2.683280035853386e-05,2.3577362298965454e-05,1680,26880,16.0,41
15,fedavg,heagg,0.18700025361207406,heagg,2.346280962228775e-05,2.3469794541597366e-05,1680,26880,16.0,41
16,fedavg,heagg,0.18539171232354276,heagg,2.3771077394485474e-05,2.3311004042625427e-05,1680,26880,16.0,41
17,fedavg,heagg,0.1839061185668578,heagg,2.360669896006584e-05,2.818182110786438e-05,1680,26880,16.0,41
18,fedavg,heagg,0.18252885555052015,heagg,2.4009961634874344e-05,2.3202039301395416e-05,1680,26880,16.0,41
19,fedavg,heagg,0.18124780640552923,heagg,2.590194344520569e-05,2.665771171450615e-05,1680,26880,16.0,41
20,fedavg,heagg,0.18005274748951955,heagg,3.1156931072473526e-05,2.41938978433609e-05,1680,26880,16.0,41
21,fedavg,heagg,0.1789350001034842,heagg,2.6241876184940338e-05,2.6085879653692245e-05,1680,26880,16.0,41
22,fedavg,heagg,0.17788711575532629,heagg,2.4168286472558975e-05,2.3345928639173508e-05,1680,26880,16.0,41
23,fedavg,heagg,0.17690263028003586,heagg,3.503868356347084e-05,2.6868190616369247e-05,1680,26880,16.0,41
24,fedavg,heagg,0.17597590913760638,heagg,2.5990884751081467e-05,3.2738782465457916e-05,1680,26880,16.0,41
25,fedavg,heagg,0.17510196675415196,heagg,0.00010291114449501038,2.7542002499103546e-05,1680,26880,16.0,41
26,fedavg,heagg,0.1742764299021754,heagg,2.603931352496147e-05,2.4292152374982834e-05,1680,26880,16.0,41
27,fedavg,heagg,0.17349538581152923,heagg,2.6295892894268036e-05,3.3414922654628754e-05,1680,26880,16.0,41
28,fedavg,heagg,0.17275536061786753,heagg,2.551265060901642e-05,2.3523811250925064e-05,1680,26880,16.0,41
29,fedavg,heagg,0.17205322853770044,heagg,2.5434885174036026e-05,2.583395689725876e-05,1680,26880,16.0,41
30,fedavg,heagg,0.1713861933278357,heagg,2.3626722395420074e-05,2.3301225155591965e-05,1680,26880,16.0,41
