method,modality,privacy_mode,roc_auc,pr_auc,fpr_at_95_recall,accuracy,precision,recall,tp,fp,tn,fn,n,client_id,seed
fedavg_plain,multimodal,none,0.9969375,0.9967590237403176,0.0078125,0.9802371541501976,0.96875,0.992,124,4,124,1,253,0,31
fedavg_plain,multimodal,none,0.9982775590551181,0.9981493385558313,0.0078125,0.9803921568627451,0.9692307692307692,0.9921259842519685,126,4,124,1,255,1,31
fedavg_plain,multimodal,none,0.9919270833333333,0.9915081753264205,0.03333333333333333,0.967741935483871,0.9545454545454546,0.984375,126,6,114,2,248,2,31
fedavg_plain,multimodal,none,0.99008547008547,0.9916488267868329,0.02564102564102564,0.9586776859504132,0.952755905511811,0.968,121,6,111,4,242,3,31
fedavg_plain,multimodal,none,0.9983826891974793,0.9984725164712086,0.015503875968992248,0.9850746268656716,0.9787234042553191,0.9928057553956835,138,3,126,1,268,4,31
fedavg_plain,multimodal,none,0.9934065934065934,0.9915985449432864,0.03571428571428571,0.9610894941634242,0.9349593495934959,0.9829059829059829,115,8,132,2,257,5,31
fedavg_plain,multimodal,none,0.9949573863636364,0.9933561702005831,0.03125,0.9789915966386554,0.9646017699115044,0.990909090909091,109,4,124,1,238,6,31
fedavg_plain,multimodal,none,0.9948275862068965,0.9947002137766177,0.041666666666666664,0.961864406779661,0.9495798319327731,0.9741379310344828,113,6,114,3,236,7,31
fedavg_plain,multimodal,none,0.9927882846419899,0.9906967323037288,0.023622047244094488,0.9572649572649573,0.9369369369369369,0.9719626168224299,104,7,120,3,234,8,31
fedavg_plain,multimodal,none,0.9904354904354905,0.9858754235702895,0.02564102564102564,0.9753086419753086,0.9615384615384616,0.9920634920634921,125,5,112,1,243,9,31
fedavg_plain,multimodal,none,0.996505376344086,0.9965616706910899,0.016666666666666666,0.9631147540983607,0.96,0.967741935483871,120,5,115,4,244,10,31
fedavg_plain,multimodal,none,0.9928301645221177,0.9931096271138504,0.04065040650406504,0.952,0.9323308270676691,0.9763779527559056,124,9,114,3,250,11,31
fedavg_plain,multimodal,none,0.9982522874473116,0.9984045587185773,0.0,0.967741935483871,0.9523809523809523,0.9859154929577465,140,7,130,2,279,12,31
fedavg_plain,multimodal,none,0.9975695119580013,0.9977731819922024,0.014388489208633094,0.975609756097561,0.9731543624161074,0.9797297297297297,145,4,135,3,287,13,31
fedavg_plain,multimodal,none,0.9987698195735375,0.9986667774319594,0.008064516129032258,0.9834710743801653,0.9830508474576272,0.9830508474576272,116,2,122,2,242,14,31
fedavg_plain,multimodal,none,0.998059665292263,0.99797557129425,0.007518796992481203,0.9649805447470817,0.9457364341085271,0.9838709677419355,122,7,126,2,257,15,31
fedavg_plain,multimodal,none,0.9968959094985168,0.9975401610421104,0.009174311926605505,0.9752066115702479,0.9703703703703703,0.9849624060150376,131,4,105,2,242,16,31
fedavg_plain,multimodal,none,0.9979906663209748,0.9982792833160036,0.017241379310344827,0.9678714859437751,0.9432624113475178,1.0,133,8,108,0,249,17,31
fedavg_plain,multimodal,none,0.9931673604021047,0.9945791567926594,0.04672897196261682,0.9601769911504425,0.9435483870967742,0.9831932773109243,117,7,100,2,226,18,31
fedavg_plain,multimodal,none,0.9966666666666666,0.9969518380501016,0.016666666666666666,0.968,0.9621212121212122,0.9769230769230769,127,5,115,3,250,19,31
fedprox_plain,multimodal,none,0.9969375,0.9967590237403176,0.0078125,0.9802371541501976,0.96875,0.992,124,4,124,1,253,0,31
fedprox_plain,multimodal,none,0.9982775590551181,0.9981493385558313,0.0078125,0.9803921568627451,0.9692307692307692,0.9921259842519685,126,4,124,1,255,1,31
fedprox_plain,multimodal,none,0.9919270833333333,0.9915081753264205,0.03333333333333333,0.967741935483871,0.9545454545454546,0.984375,126,6,114,2,248,2,31
fedprox_plain,multimodal,none,0.9900170940170939,0.9915832805683454,0.02564102564102564,0.9586776859504132,0.952755905511811,0.968,121,6,111,4,242,3,31
fedprox_plain,multimodal,none,0.9983826891974793,0.9984725164712086,0.015503875968992248,0.9850746268656716,0.9787234042553191,0.9928057553956835,138,3,126,1,268,4,31
fedprox_plain,multimodal,none,0.9934065934065934,0.9915985449432864,0.03571428571428571,0.9610894941634242,0.9349593495934959,0.9829059829059829,115,8,132,2,257,5,31
fedprox_plain,multimodal,none,0.9950284090909091,0.9934842111736943,0.03125,0.9789915966386554,0.9646017699115044,0.990909090909091,109,4,124,1,238,6,31
fedprox_plain,multimodal,none,0.9948275862068965,0.9947002137766177,0.041666666666666664,0.961864406779661,0.9495798319327731,0.9741379310344828,113,6,114,3,236,7,31
fedprox_plain,multimodal,none,0.9927882846419899,0.9906967323037288,0.023622047244094488,0.9572649572649573,0.9369369369369369,0.9719626168224299,104,7,120,3,234,8,31
fedprox_plain,multimodal,none,0.9904354904354905,0.9858754235702895,0.02564102564102564,0.9753086419753086,0.9615384615384616,0.9920634920634921,125,5,112,1,243,9,31
fedprox_plain,multimodal,none,0.996505376344086,0.9965616706910899,0.016666666666666666,0.9631147540983607,0.96,0.967741935483871,120,5,115,4,244,10,31
fedprox_plain,multimodal,none,0.9928301645221177,0.9931096271138504,0.04065040650406504,0.952,0.9323308270676691,0.9763779527559056,124,9,114,3,250,11,31
fedprox_plain,multimodal,none,0.9982008841369384,0.9983626651282966,0.0,0.967741935483871,0.9523809523809523,0.9859154929577465,140,7,130,2,279,12,31
fedprox_plain,multimodal,none,0.9975695119580013,0.9977731819922024,0.014388489208633094,0.975609756097561,0.9731543624161074,0.9797297297297297,145,4,135,3,287,13,31
fedprox_plain,multimodal,none,0.9987698195735375,0.9986667774319594,0.008064516129032258,0.9834710743801653,0.9830508474576272,0.9830508474576272,116,2,122,2,242,14,31
fedprox_plain,multimodal,none,0.998059665292263,0.99797557129425,0.007518796992481203,0.9649805447470817,0.9457364341085271,0.9838709677419355,122,7,126,2,257,15,31
fedprox_plain,multimodal,none,0.9968959094985168,0.9975401610421104,0.009174311926605505,0.9752066115702479,0.9703703703703703,0.9849624060150376,131,4,105,2,242,16,31
fedprox_plain,multimodal,none,0.9979906663209748,0.9982792833160036,0.017241379310344827,0.9678714859437751,0.9432624113475178,1.0,133,8,108,0,249,17,31
fedprox_plain,multimodal,none,0.9931673604021047,0.9945791567926594,0.04672897196261682,0.9601769911504425,0.9435483870967742,0.9831932773109243,117,7,100,2,226,18,31
fedprox_plain,multimodal,none,0.9966666666666666,0.9969518380501016,0.016666666666666666,0.968,0.9621212121212122,0.9769230769230769,127,5,115,3,250,19,31
fedavg_secureagg,multimodal,none,0.9969375,0.9967590237403176,0.0078125,0.9802371541501976,0.96875,0.992,124,4,124,1,253,0,31
fedavg_secureagg,multimodal,none,0.9982775590551181,0.9981493385558313,0.0078125,0.9803921568627451,0.9692307692307692,0.9921259842519685,126,4,124,1,255,1,31
fedavg_secureagg,multimodal,none,0.9919270833333333,0.9915081753264205,0.03333333333333333,0.967741935483871,0.9545454545454546,0.984375,126,6,114,2,248,2,31
fedavg_secureagg,multimodal,none,0.99008547008547,0.9916488267868329,0.02564102564102564,0.9586776859504132,0.952755905511811,0.968,121,6,111,4,242,3,31
fedavg_secureagg,multimodal,none,0.9983826891974793,0.9984725164712086,0.015503875968992248,0.9850746268656716,0.9787234042553191,0.9928057553956835,138,3,126,1,268,4,31
fedavg_secureagg,multimodal,none,0.9934065934065934,0.9915985449432864,0.03571428571428571,0.9610894941634242,0.9349593495934959,0.9829059829059829,115,8,132,2,257,5,31
fedavg_secureagg,multimodal,none,0.9949573863636364,0.9933561702005831,0.03125,0.9789915966386554,0.9646017699115044,0.990909090909091,109,4,124,1,238,6,31
fedavg_secureagg,multimodal,none,0.9948275862068965,0.9947002137766177,0.041666666666666664,0.961864406779661,0.9495798319327731,0.9741379310344828,113,6,114,3,236,7,31
fedavg_secureagg,multimodal,none,0.9927882846419899,0.9906967323037288,0.023622047244094488,0.9572649572649573,0.9369369369369369,0.9719626168224299,104,7,120,3,234,8,31
fedavg_secureagg,multimodal,none,0.9904354904354905,0.9858754235702895,0.02564102564102564,0.9753086419753086,0.9615384615384616,0.9920634920634921,125,5,112,1,243,9,31
fedavg_secureagg,multimodal,none,0.996505376344086,0.9965616706910899,0.016666666666666666,0.9631147540983607,0.96,0.967741935483871,120,5,115,4,244,10,31
fedavg_secureagg,multimodal,none,0.9928301645221177,0.9931096271138504,0.04065040650406504,0.952,0.9323308270676691,0.9763779527559056,124,9,114,3,250,11,31
fedavg_secureagg,multimodal,none,0.9982522874473116,0.9984045587185773,0.0,0.967741935483871,0.9523809523809523,0.9859154929577465,140,7,130,2,279,12,31
fedavg_secureagg,multimodal,none,0.9975695119580013,0.9977731819922024,0.014388489208633094,0.975609756097561,0.9731543624161074,0.9797297297297297,145,4,135,3,287,13,31
fedavg_secureagg,multimodal,none,0.9987698195735375,0.9986667774319594,0.008064516129032258,0.9834710743801653,0.9830508474576272,0.9830508474576272,116,2,122,2,242,14,31
fedavg_secureagg,multimodal,none,0.998059665292263,0.99797557129425,0.007518796992481203,0.9649805447470817,0.9457364341085271,0.9838709677419355,122,7,126,2,257,15,31
fedavg_secureagg,multimodal,none,0.9968959094985168,0.9975401610421104,0.009174311926605505,0.9752066115702479,0.9703703703703703,0.9849624060150376,131,4,105,2,242,16,31
fedavg_secureagg,multimodal,none,0.9979906663209748,0.9982792833160036,0.017241379310344827,0.9678714859437751,0.9432624113475178,1.0,133,8,108,0,249,17,31
fedavg_secureagg,multimodal,none,0.9931673604021047,0.9945791567926594,0.04672897196261682,0.9601769911504425,0.9435483870967742,0.9831932773109243,117,7,100,2,226,18,31
fedavg_secureagg,multimodal,none,0.9966666666666666,0.9969518380501016,0.016666666666666666,0.968,0.9621212121212122,0.9769230769230769,127,5,115,3,250,19,31
fedavg_heagg,multimodal,none,0.9969375,0.9967590237403176,0.0078125,0.9802371541501976,0.96875,0.992,124,4,124,1,253,0,31
fedavg_heagg,multimodal,none,0.9982775590551181,0.9981493385558313,0.0078125,0.9803921568627451,0.9692307692307692,0.9921259842519685,126,4,124,1,255,1,31
fedavg_heagg,multimodal,none,0.9919270833333333,0.9915081753264205,0.03333333333333333,0.967741935483871,0.9545454545454546,0.984375,126,6,114,2,248,2,31
fedavg_heagg,multimodal,none,0.99008547008547,0.9916488267868329,0.02564102564102564,0.9586776859504132,0.952755905511811,0.968,121,6,111,4,242,3,31
fedavg_heagg,multimodal,none,0.9983826891974793,0.9984725164712086,0.015503875968992248,0.9850746268656716,0.9787234042553191,0.9928057553956835,138,3,126,1,268,4,31
fedavg_heagg,multimodal,none,0.9934065934065934,0.9915985449432864,0.03571428571428571,0.9610894941634242,0.9349593495934959,0.9829059829059829,115,8,132,2,257,5,31
fedavg_heagg,multimodal,none,0.9949573863636364,0.9933561702005831,0.03125,0.9789915966386554,0.9646017699115044,0.990909090909091,109,4,124,1,238,6,31
fedavg_heagg,multimodal,none,0.9948275862068965,0.9947002137766177,0.041666666666666664,0.961864406779661,0.9495798319327731,0.9741379310344828,113,6,114,3,236,7,31
fedavg_heagg,multimodal,none,0.9927882846419899,0.9906967323037288,0.023622047244094488,0.9572649572649573,0.9369369369369369,0.9719626168224299,104,7,120,3,234,8,31
fedavg_heagg,multimodal,none,0.9904354904354905,0.9858754235702895,0.02564102564102564,0.9753086419753086,0.9615384615384616,0.9920634920634921,125,5,112,1,243,9,31
fedavg_heagg,multimodal,none,0.996505376344086,0.9965616706910899,0.016666666666666666,0.9631147540983607,0.96,0.967741935483871,120,5,115,4,244,10,31
fedavg_heagg,multimodal,none,0.9928301645221177,0.9931096271138504,0.04065040650406504,0.952,0.9323308270676691,0.9763779527559056,124,9,114,3,250,11,31
fedavg_heagg,multimodal,none,0.9982522874473116,0.9984045587185773,0.0,0.967741935483871,0.9523809523809523,0.9859154929577465,140,7,130,2,279,12,31
fedavg_heagg,multimodal,none,0.9975695119580013,0.9977731819922024,0.014388489208633094,0.975609756097561,0.9731543624161074,0.9797297297297297,145,4,135,3,287,13,31
fedavg_heagg,multimodal,none,0.9987698195735375,0.9986667774319594,0.008064516129032258,0.9834710743801653,0.9830508474576272,0.9830508474576272,116,2,122,2,242,14,31
fedavg_heagg,multimodal,none,0.998059665292263,0.99797557129425,0.007518796992481203,0.9649805447470817,0.9457364341085271,0.9838709677419355,122,7,126,2,257,15,31
fedavg_heagg,multimodal,none,0.9968959094985168,0.9975401610421104,0.009174311926605505,0.9752066115702479,0.9703703703703703,0.9849624060150376,131,4,105,2,242,16,31
fedavg_heagg,multimodal,none,0.9979906663209748,0.9982792833160036,0.017241379310344827,0.9678714859437751,0.9432624113475178,1.0,133,8,108,0,249,17,31
fedavg_heagg,multimodal,none,0.9931673604021047,0.9945791567926594,0.04672897196261682,0.9601769911504425,0.9435483870967742,0.9831932773109243,117,7,100,2,226,18,31
fedavg_heagg,multimodal,none,0.9966666666666666,0.9969518380501016,0.016666666666666666,0.968,0.9621212121212122,0.9769230769230769,127,5,115,3,250,19,31
fedavg_plain,multimodal,none,0.9948157489141096,0.9941846373451719,0.02459016393442623,0.9748953974895398,0.9586776859504132,0.9914529914529915,116,5,117,1,239,0,37
fedavg_plain,multimodal,none,0.9994430520746309,0.9995467644473872,0.0,0.9898305084745763,0.9877300613496932,0.9938271604938271,161,2,131,1,295,1,37
fedavg_plain,multimodal,none,0.9974198506807203,0.9973144597360247,0.014492753623188406,0.9703703703703703,0.9558823529411765,0.9848484848484849,130,6,132,2,270,2,37
fedavg_plain,multimodal,none,0.9903670284111694,0.9896953621489677,0.0423728813559322,0.9766536964980544,0.9586206896551724,1.0,139,6,112,0,257,3,37
fedavg_plain,multimodal,none,0.992477914808012,0.9932905681454015,0.07766990291262135,0.9392523364485982,0.9298245614035088,0.954954954954955,106,8,95,5,214,4,37
fedavg_plain,multimodal,none,0.9983291562238931,0.9985144383537186,0.008771929824561403,0.9708333333333333,0.9612403100775194,0.9841269841269841,124,5,109,2,240,5,37
fedavg_plain,multimodal,none,0.9955520072992701,0.9951530886884032,0.0072992700729927005,0.969811320754717,0.9477611940298507,0.9921875,127,7,130,1,265,6,37
fedavg_plain,multimodal,none,0.9981094978826376,0.9982213015525864,0.0,0.9608695652173913,0.9421487603305785,0.9827586206896551,114,7,107,2,230,7,37
fedavg_plain,multimodal,none,0.9972174530815227,0.9971132713321219,0.03007518796992481,0.9653846153846154,0.9402985074626866,0.9921259842519685,126,8,125,1,260,8,37
fedavg_plain,multimodal,none,0.9975055025678651,0.9973161181439054,0.013793103448275862,0.9790209790209791,0.9655172413793104,0.9929078014184397,140,5,140,1,286,9,37
fedavg_plain,multimodal,none,0.9964352720450281,0.9963997235482309,0.015384615384615385,0.9604743083003953,0.937984496124031,0.983739837398374,121,8,122,2,253,10,37
fedavg_plain,multimodal,none,0.9976401179941002,0.9977008273602922,0.008333333333333333,0.9699570815450643,0.9568965517241379,0.9823008849557522,111,5,115,2,233,11,37
fedavg_plain,multimodal,none,0.9940627650551315,0.9936131459978362,0.03816793893129771,0.953307392996109,0.9191176470588235,0.9920634920634921,125,11,120,1,257,12,37
fedavg_plain,multimodal,none,0.9993852000894254,0.9994578441034123,0.0,0.9813432835820896,0.9790209790209791,0.9859154929577465,140,3,123,2,268,13,37
fedavg_plain,multimodal,none,0.9960405601158859,0.9955930747058115,0.01834862385321101,0.9558823529411765,0.9215686274509803,0.9894736842105263,94,8,101,1,204,14,37
fedavg_plain,multimodal,none,0.9963658388855239,0.9966908589979712,0.02564102564102564,0.9590163934426229,0.9534883720930233,0.968503937007874,123,6,111,4,244,15,37
fedavg_plain,multimodal,none,0.9959364841210302,0.9959677060716029,0.016129032258064516,0.9565217391304348,0.9338235294117647,0.9844961240310077,127,9,115,2,253,16,37
fedavg_plain,multimodal,none,0.9944641880809185,0.9946100231163004,0.025423728813559324,0.9545454545454546,0.924812030075188,0.9919354838709677,123,10,108,1,242,17,37
fedavg_plain,multimodal,none,0.9957473817835608,0.996537575468313,0.017391304347826087,0.9563492063492064,0.9436619718309859,0.9781021897810219,134,8,107,3,252,18,37
fedavg_plain,multimodal,none,0.9992925863044708,0.9992134147213694,0.008064516129032258,0.9873949579831933,0.9826086956521739,0.9912280701754386,113,2,122,1,238,19,37
fedprox_plain,multimodal,none,0.994745691467003,0.9940946894172006,0.02459016393442623,0.9748953974895398,0.9586776859504132,0.9914529914529915,116,5,117,1,239,0,37
fedprox_plain,multimodal,none,0.9994430520746309,0.9995467644473872,0.0,0.9898305084745763,0.9877300613496932,0.9938271604938271,161,2,131,1,295,1,37
fedprox_plain,multimodal,none,0.9974198506807203,0.9973144597360247,0.014492753623188406,0.9703703703703703,0.9558823529411765,0.9848484848484849,130,6,132,2,270,2,37
fedprox_plain,multimodal,none,0.990488964760395,0.9899255927110617,0.0423728813559322,0.9766536964980544,0.9586206896551724,1.0,139,6,112,0,257,3,37
fedprox_plain,multimodal,none,0.992477914808012,0.9932905681454015,0.07766990291262135,0.9392523364485982,0.9298245614035088,0.954954954954955,106,8,95,5,214,4,37
fedprox_plain,multimodal,none,0.9983291562238931,0.9985144383537186,0.008771929824561403,0.9708333333333333,0.9612403100775194,0.9841269841269841,124,5,109,2,240,5,37
fedprox_plain,multimodal,none,0.9955520072992701,0.9951530886884032,0.0072992700729927005,0.969811320754717,0.9477611940298507,0.9921875,127,7,130,1,265,6,37
fedprox_plain,multimodal,none,0.9981094978826376,0.9982213015525864,0.0,0.9608695652173913,0.9421487603305785,0.9827586206896551,114,7,107,2,230,7,37
fedprox_plain,multimodal,none,0.9972174530815227,0.9971132713321219,0.03007518796992481,0.9653846153846154,0.9402985074626866,0.9921259842519685,126,8,125,1,260,8,37
fedprox_plain,multimodal,none,0.9975055025678651,0.9973161181439054,0.013793103448275862,0.9790209790209791,0.9655172413793104,0.9929078014184397,140,5,140,1,286,9,37
fedprox_plain,multimodal,none,0.9964352720450281,0.9963997235482309,0.015384615384615385,0.9604743083003953,0.937984496124031,0.983739837398374,121,8,122,2,253,10,37
fedprox_plain,multimodal,none,0.9976401179941002,0.9977008273602922,0.008333333333333333,0.9699570815450643,0.9568965517241379,0.9823008849557522,111,5,115,2,233,11,37
fedprox_plain,multimodal,none,0.9940627650551315,0.9936131459978362,0.03816793893129771,0.953307392996109,0.9191176470588235,0.9920634920634921,125,11,120,1,257,12,37
fedprox_plain,multimodal,none,0.9993852000894254,0.9994578441034123,0.0,0.9813432835820896,0.9790209790209791,0.9859154929577465,140,3,123,2,268,13,37
fedprox_plain,multimodal,none,0.9960405601158859,0.9955930747058115,0.01834862385321101,0.9558823529411765,0.9215686274509803,0.9894736842105263,94,8,101,1,204,14,37
fedprox_plain,multimodal,none,0.9963658388855239,0.9966908589979712,0.02564102564102564,0.9590163934426229,0.9534883720930233,0.968503937007874,123,6,111,4,244,15,37
fedprox_plain,multimodal,none,0.995873968492123,0.9958901866917579,0.016129032258064516,0.9565217391304348,0.9338235294117647,0.9844961240310077,127,9,115,2,253,16,37
fedprox_plain,multimodal,none,0.9944641880809185,0.9946100231163004,0.025423728813559324,0.9545454545454546,0.924812030075188,0.9919354838709677,123,10,108,1,242,17,37
fedprox_plain,multimodal,none,0.9957473817835608,0.996537575468313,0.017391304347826087,0.9563492063492064,0.9436619718309859,0.9781021897810219,134,8,107,3,252,18,37
fedprox_plain,multimodal,none,0.9992925863044708,0.9992134147213694,0.008064516129032258,0.9873949579831933,0.9826086956521739,0.9912280701754386,113,2,122,1,238,19,37
fedavg_secureagg,multimodal,none,0.9948157489141096,0.9941846373451719,0.02459016393442623,0.9748953974895398,0.9586776859504132,0.9914529914529915,116,5,117,1,239,0,37
fedavg_secureagg,multimodal,none,0.9994430520746309,0.9995467644473872,0.0,0.9898305084745763,0.9877300613496932,0.9938271604938271,161,2,131,1,295,1,37
fedavg_secureagg,multimodal,none,0.9974198506807203,0.9973144597360247,0.014492753623188406,0.9703703703703703,0.9558823529411765,0.9848484848484849,130,6,132,2,270,2,37
fedavg_secureagg,multimodal,none,0.9903670284111694,0.9896953621489677,0.0423728813559322,0.9766536964980544,0.9586206896551724,1.0,139,6,112,0,257,3,37
fedavg_secureagg,multimodal,none,0.992477914808012,0.9932905681454015,0.07766990291262135,0.9392523364485982,0.9298245614035088,0.954954954954955,106,8,95,5,214,4,37
fedavg_secureagg,multimodal,none,0.9983291562238931,0.9985144383537186,0.008771929824561403,0.9708333333333333,0.9612403100775194,0.9841269841269841,124,5,109,2,240,5,37
fedavg_secureagg,multimodal,none,0.9955520072992701,0.9951530886884032,0.0072992700729927005,0.969811320754717,0.9477611940298507,0.9921875,127,7,130,1,265,6,37
fedavg_secureagg,multimodal,none,0.9981094978826376,0.9982213015525864,0.0,0.9608695652173913,0.9421487603305785,0.9827586206896551,114,7,107,2,230,7,37
fedavg_secureagg,multimodal,none,0.9972174530815227,0.9971132713321219,0.03007518796992481,0.9653846153846154,0.9402985074626866,0.9921259842519685,126,8,125,1,260,8,37
fedavg_secureagg,multimodal,none,0.9975055025678651,0.9973161181439054,0.013793103448275862,0.9790209790209791,0.9655172413793104,0.9929078014184397,140,5,140,1,286,9,37
fedavg_secureagg,multimodal,none,0.9964352720450281,0.9963997235482309,0.015384615384615385,0.9604743083003953,0.937984496124031,0.983739837398374,121,8,122,2,253,10,37
fedavg_secureagg,multimodal,none,0.9976401179941002,0.9977008273602922,0.008333333333333333,0.9699570815450643,0.9568965517241379,0.9823008849557522,111,5,115,2,233,11,37
fedavg_secureagg,multimodal,none,0.9940627650551315,0.9936131459978362,0.03816793893129771,0.953307392996109,0.9191176470588235,0.9920634920634921,125,11,120,1,257,12,37
fedavg_secureagg,multimodal,none,0.9993852000894254,0.9994578441034123,0.0,0.9813432835820896,0.9790209790209791,0.9859154929577465,140,3,123,2,268,13,37
fedavg_secureagg,multimodal,none,0.9960405601158859,0.9955930747058115,0.01834862385321101,0.9558823529411765,0.9215686274509803,0.9894736842105263,94,8,101,1,204,14,37
fedavg_secureagg,multimodal,none,0.9963658388855239,0.9966908589979712,0.02564102564102564,0.9590163934426229,0.9534883720930233,0.968503937007874,123,6,111,4,244,15,37
fedavg_secureagg,multimodal,none,0.9959364841210302,0.9959677060716029,0.016129032258064516,0.9565217391304348,0.9338235294117647,0.9844961240310077,127,9,115,2,253,16,37
fedavg_secureagg,multimodal,none,0.9944641880809185,0.9946100231163004,0.025423728813559324,0.9545454545454546,0.924812030075188,0.9919354838709677,123,10,108,1,242,17,37
fedavg_secureagg,multimodal,none,0.9957473817835608,0.996537575468313,0.017391304347826087,0.9563492063492064,0.9436619718309859,0.9781021897810219,134,8,107,3,252,18,37
fedavg_secureagg,multimodal,none,0.9992925863044708,0.9992134147213694,0.008064516129032258,0.9873949579831933,0.9826086956521739,0.9912280701754386,113,2,122,1,238,19,37
fedavg_heagg,multimodal,none,0.9948157489141096,0.9941846373451719,0.02459016393442623,0.9748953974895398,0.9586776859504132,0.9914529914529915,116,5,117,1,239,0,37
fedavg_heagg,multimodal,none,0.9994430520746309,0.9995467644473872,0.0,0.9898305084745763,0.9877300613496932,0.9938271604938271,161,2,131,1,295,1,37
fedavg_heagg,multimodal,none,0.9974198506807203,0.9973144597360247,0.014492753623188406,0.9703703703703703,0.9558823529411765,0.9848484848484849,130,6,132,2,270,2,37
fedavg_heagg,multimodal,none,0.9903670284111694,0.9896953621489677,0.0423728813559322,0.9766536964980544,0.9586206896551724,1.0,139,6,112,0,257,3,37
fedavg_heagg,multimodal,none,0.992477914808012,0.9932905681454015,0.07766990291262135,0.9392523364485982,0.9298245614035088,0.954954954954955,106,8,95,5,214,4,37
fedavg_heagg,multimodal,none,0.9983291562238931,0.9985144383537186,0.008771929824561403,0.9708333333333333,0.9612403100775194,0.9841269841269841,124,5,109,2,240,5,37
fedavg_heagg,multimodal,none,0.9955520072992701,0.9951530886884032,0.0072992700729927005,0.969811320754717,0.9477611940298507,0.9921875,127,7,130,1,265,6,37
fedavg_heagg,multimodal,none,0.9981094978826376,0.9982213015525864,0.0,0.9608695652173913,0.9421487603305785,0.9827586206896551,114,7,107,2,230,7,37
fedavg_heagg,multimodal,none,0.9972174530815227,0.9971132713321219,0.03007518796992481,0.9653846153846154,0.9402985074626866,0.9921259842519685,126,8,125,1,260,8,37
fedavg_heagg,multimodal,none,0.9975055025678651,0.9973161181439054,0.013793103448275862,0.9790209790209791,0.9655172413793104,0.9929078014184397,140,5,140,1,286,9,37
fedavg_heagg,multimodal,none,0.9964352720450281,0.9963997235482309,0.015384615384615385,0.9604743083003953,0.937984496124031,0.983739837398374,121,8,122,2,253,10,37
fedavg_heagg,multimodal,none,0.9976401179941002,0.9977008273602922,0.008333333333333333,0.9699570815450643,0.9568965517241379,0.9823008849557522,111,5,115,2,233,11,37
fedavg_heagg,multimodal,none,0.9940627650551315,0.9936131459978362,0.03816793893129771,0.953307392996109,0.9191176470588235,0.9920634920634921,125,11,120,1,257,12,37
fedavg_heagg,multimodal,none,0.9993852000894254,0.9994578441034123,0.0,0.9813432835820896,0.9790209790209791,0.9859154929577465,140,3,123,2,268,13,37
fedavg_heagg,multimodal,none,0.9960405601158859,0.9955930747058115,0.01834862385321101,0.9558823529411765,0.9215686274509803,0.9894736842105263,94,8,101,1,204,14,37
fedavg_heagg,multimodal,none,0.9963658388855239,0.9966908589979712,0.02564102564102564,0.9590163934426229,0.9534883720930233,0.968503937007874,123,6,111,4,244,15,37
fedavg_heagg,multimodal,none,0.9959364841210302,0.9959677060716029,0.016129032258064516,0.9565217391304348,0.9338235294117647,0.9844961240310077,127,9,115,2,253,16,37
fedavg_heagg,multimodal,none,0.9944641880809185,0.9946100231163004,0.025423728813559324,0.9545454545454546,0.924812030075188,0.9919354838709677,123,10,108,1,242,17,37
fedavg_heagg,multimodal,none,0.9957473817835608,0.996537575468313,0.017391304347826087,0.9563492063492064,0.9436619718309859,0.9781021897810219,134,8,107,3,252,18,37
fedavg_heagg,multimodal,none,0.9992925863044708,0.9992134147213694,0.008064516129032258,0.9873949579831933,0.9826086956521739,0.9912280701754386,113,2,122,1,238,19,37
fedavg_plain,multimodal,none,0.993543179983858,0.992617968218384,0.03968253968253968,0.9631147540983607,0.943089430894309,0.9830508474576272,116,7,119,2,244,0,41
fedavg_plain,multimodal,none,0.9925863610074137,0.9932232205794956,0.03007518796992481,0.9528985507246377,0.9513888888888888,0.958041958041958,137,7,126,6,276,1,41
fedavg_plain,multimodal,none,0.9944684944684944,0.9947798456271583,0.05555555555555555,0.9573643410852714,0.9481481481481482,0.9696969696969697,128,7,119,4,258,2,41
fedavg_plain,multimodal,none,0.999113475177305,0.9993669540976015,0.0,0.9877551020408163,1.0,0.9787234042553191,138,0,104,3,245,3,41
fedavg_plain,multimodal,none,0.9983585498144447,0.9984497077536995,0.008849557522123894,0.9704641350210971,0.9465648854961832,1.0,124,7,106,0,237,4,41
fedavg_plain,multimodal,none,0.9973035439137135,0.997593101598729,0.01694915254237288,0.968,0.9558823529411765,0.9848484848484849,130,6,112,2,250,5,41
fedavg_plain,multimodal,none,0.9978751225890814,0.998070095479332,0.0,0.9704797047970479,0.9577464788732394,0.9855072463768116,136,6,127,2,271,6,41
fedavg_plain,multimodal,none,0.9979538690476191,0.9979954987207896,0.0078125,0.968503937007874,0.9609375,0.9761904761904762,123,5,123,3,254,7,41
fedavg_plain,multimodal,none,0.9974881015335801,0.9974221520747028,0.016129032258064516,0.967479674796748,0.9453125,0.9918032786885246,121,7,117,1,246,8,41
fedavg_plain,multimodal,none,0.9995712938352054,0.9995590821490175,0.0,0.9814814814814815,0.963963963963964,1.0,107,4,105,0,216,9,41
fedavg_plain,multimodal,none,0.9956825657894737,0.9959169046756712,0.03508771929824561,0.9752066115702479,0.9621212121212122,0.9921875,127,5,109,1,242,10,41
fedavg_plain,multimodal,none,0.9939859672569329,0.994966960532217,0.032520325203252036,0.9479553903345725,0.9285714285714286,0.9794520547945206,143,11,112,3,269,11,41
fedavg_plain,multimodal,none,0.994278303326213,0.9940217854087126,0.04310344827586207,0.9606986899563319,0.940677966101695,0.9823008849557522,111,7,109,2,229,12,41
fedavg_plain,multimodal,none,0.995147037519919,0.9950972309629506,0.025423728813559324,0.9617021276595744,0.9426229508196722,0.9829059829059829,115,7,111,2,235,13,41
fedavg_plain,multimodal,none,0.9922918807810894,0.9894485100978503,0.014388489208633094,0.9584905660377359,0.9323308270676691,0.9841269841269841,124,9,130,2,265,14,41
fedavg_plain,multimodal,none,0.9969113803753861,0.9964858932041881,0.028985507246376812,0.9769230769230769,0.9603174603174603,0.9918032786885246,121,5,133,1,260,15,41
fedavg_plain,multimodal,none,0.9957883653593051,0.9951661008294936,0.04580152671755725,0.97165991902834,0.9504132231404959,0.9913793103448276,115,6,125,1,247,16,41
fedavg_plain,multimodal,none,0.9981854838709677,0.9982803454281416,0.016666666666666666,0.9672131147540983,0.953125,0.9838709677419355,122,6,114,2,244,17,41
fedavg_plain,multimodal,none,0.9992485238862051,0.9992890038967545,0.0,0.9706959706959707,0.9577464788732394,0.9855072463768116,136,6,129,2,273,18,41
fedavg_plain,multimodal,none,0.993414599971977,0.9924314764754391,0.017094017094017096,0.9790794979079498,0.968,0.9918032786885246,121,4,113,1,239,19,41
fedprox_plain,multimodal,none,0.993543179983858,0.992617968218384,0.03968253968253968,0.9631147540983607,0.943089430894309,0.9830508474576272,116,7,119,2,244,0,41
fedprox_plain,multimodal,none,0.9925863610074137,0.9932232205794956,0.03007518796992481,0.9528985507246377,0.9513888888888888,0.958041958041958,137,7,126,6,276,1,41
fedprox_plain,multimodal,none,0.9944684944684944,0.9947798456271583,0.05555555555555555,0.9573643410852714,0.9481481481481482,0.9696969696969697,128,7,119,4,258,2,41
fedprox_plain,multimodal,none,0.999113475177305,0.9993669540976015,0.0,0.9877551020408163,1.0,0.9787234042553191,138,0,104,3,245,3,41
fedprox_plain,multimodal,none,0.9983585498144447,0.9984497077536995,0.008849557522123894,0.9704641350210971,0.9465648854961832,1.0,124,7,106,0,237,4,41
fedprox_plain,multimodal,none,0.9973035439137135,0.997593101598729,0.01694915254237288,0.968,0.9558823529411765,0.9848484848484849,130,6,112,2,250,5,41
fedprox_plain,multimodal,none,0.9978751225890814,0.998070095479332,0.0,0.9704797047970479,0.9577464788732394,0.9855072463768116,136,6,127,2,271,6,41
fedprox_plain,multimodal,none,0.9979538690476191,0.9979954987207896,0.0078125,0.968503937007874,0.9609375,0.9761904761904762,123,5,123,3,254,7,41
fedprox_plain,multimodal,none,0.9974881015335801,0.9974221520747028,0.016129032258064516,0.967479674796748,0.9453125,0.9918032786885246,121,7,117,1,246,8,41
fedprox_plain,multimodal,none,0.9995712938352054,0.9995590821490175,0.0,0.9814814814814815,0.963963963963964,1.0,107,4,105,0,216,9,41
fedprox_plain,multimodal,none,0.9956825657894737,0.9959169046756712,0.03508771929824561,0.9752066115702479,0.9621212121212122,0.9921875,127,5,109,1,242,10,41
fedprox_plain,multimodal,none,0.9939859672569329,0.994966960532217,0.032520325203252036,0.9479553903345725,0.9285714285714286,0.9794520547945206,143,11,112,3,269,11,41
fedprox_plain,multimodal,none,0.994278303326213,0.9940217854087126,0.04310344827586207,0.9606986899563319,0.940677966101695,0.9823008849557522,111,7,109,2,229,12,41
fedprox_plain,multimodal,none,0.995147037519919,0.9950972309629506,0.025423728813559324,0.9617021276595744,0.9426229508196722,0.9829059829059829,115,7,111,2,235,13,41
fedprox_plain,multimodal,none,0.9923489779604888,0.9896011352504754,0.014388489208633094,0.9584905660377359,0.9323308270676691,0.9841269841269841,124,9,130,2,265,14,41
fedprox_plain,multimodal,none,0.9969113803753861,0.9964858932041881,0.028985507246376812,0.9769230769230769,0.9603174603174603,0.9918032786885246,121,5,133,1,260,15,41
fedprox_plain,multimodal,none,0.9957883653593051,0.9951661008294936,0.04580152671755725,0.97165991902834,0.9504132231404959,0.9913793103448276,115,6,125,1,247,16,41
fedprox_plain,multimodal,none,0.9981854838709677,0.9982803454281416,0.016666666666666666,0.9672131147540983,0.953125,0.9838709677419355,122,6,114,2,244,17,41
fedprox_plain,multimodal,none,0.9992485238862051,0.9992890038967545,0.0,0.9706959706959707,0.9577464788732394,0.9855072463768116,136,6,129,2,273,18,41
fedprox_plain,multimodal,none,0.993414599971977,0.9924314764754391,0.017094017094017096,0.9790794979079498,0.968,0.9918032786885246,121,4,113,1,239,19,41
fedavg_secureagg,multimodal,none,0.993543179983858,0.992617968218384,0.03968253968253968,0.9631147540983607,0.943089430894309,0.9830508474576272,116,7,119,2,244,0,41
fedavg_secureagg,multimodal,none,0.9925863610074137,0.9932232205794956,0.03007518796992481,0.9528985507246377,0.9513888888888888,0.958041958041958,137,7,126,6,276,1,41
fedavg_secureagg,multimodal,none,0.9944684944684944,0.9947798456271583,0.05555555555555555,0.9573643410852714,0.9481481481481482,0.9696969696969697,128,7,119,4,258,2,41
fedavg_secureagg,multimodal,none,0.999113475177305,0.9993669540976015,0.0,0.9877551020408163,1.0,0.9787234042553191,138,0,104,3,245,3,41
fedavg_secureagg,multimodal,none,0.9983585498144447,0.9984497077536995,0.008849557522123894,0.9704641350210971,0.9465648854961832,1.0,124,7,106,0,237,4,41
fedavg_secureagg,multimodal,none,0.9973035439137135,0.997593101598729,0.01694915254237288,0.968,0.9558823529411765,0.9848484848484849,130,6,112,2,250,5,41
fedavg_secureagg,multimodal,none,0.9978751225890814,0.998070095479332,0.0,0.9704797047970479,0.9577464788732394,0.9855072463768116,136,6,127,2,271,6,41
fedavg_secureagg,multimodal,none,0.9979538690476191,0.9979954987207896,0.0078125,0.968503937007874,0.9609375,0.9761904761904762,123,5,123,3,254,7,41
fedavg_secureagg,multimodal,none,0.9974881015335801,0.9974221520747028,0.016129032258064516,0.967479674796748,0.9453125,0.9918032786885246,121,7,117,1,246,8,41
fedavg_secureagg,multimodal,none,0.9995712938352054,0.9995590821490175,0.0,0.9814814814814815,0.963963963963964,1.0,107,4,105,0,216,9,41
fedavg_secureagg,multimodal,none,0.9956825657894737,0.9959169046756712,0.03508771929824561,0.9752066115702479,0.9621212121212122,0.9921875,127,5,109,1,242,10,41
fedavg_secureagg,multimodal,none,0.9939859672569329,0.994966960532217,0.032520325203252036,0.9479553903345725,0.9285714285714286,0.9794520547945206,143,11,112,3,269,11,41
fedavg_secureagg,multimodal,none,0.994278303326213,0.9940217854087126,0.04310344827586207,0.9606986899563319,0.940677966101695,0.9823008849557522,111,7,109,2,229,12,41
fedavg_secureagg,multimodal,none,0.995147037519919,0.9950972309629506,0.025423728813559324,0.9617021276595744,0.9426229508196722,0.9829059829059829,115,7,111,2,235,13,41
fedavg_secureagg,multimodal,none,0.9922918807810894,0.9894485100978503,0.014388489208633094,0.9584905660377359,0.9323308270676691,0.9841269841269841,124,9,130,2,265,14,41
fedavg_secureagg,multimodal,none,0.9969113803753861,0.9964858932041881,0.028985507246376812,0.9769230769230769,0.9603174603174603,0.9918032786885246,121,5,133,1,260,15,41
fedavg_secureagg,multimodal,none,0.9957883653593051,0.9951661008294936,0.04580152671755725,0.97165991902834,0.9504132231404959,0.9913793103448276,115,6,125,1,247,16,41
fedavg_secureagg,multimodal,none,0.9981854838709677,0.9982803454281416,0.016666666666666666,0.9672131147540983,0.953125,0.9838709677419355,122,6,114,2,244,17,41
fedavg_secureagg,multimodal,none,0.9992485238862051,0.9992890038967545,0.0,0.9706959706959707,0.9577464788732394,0.9855072463768116,136,6,129,2,273,18,41
fedavg_secureagg,multimodal,none,0.993414599971977,0.9924314764754391,0.017094017094017096,0.9790794979079498,0.968,0.9918032786885246,121,4,113,1,239,19,41
fedavg_heagg,multimodal,none,0.993543179983858,0.992617968218384,0.03968253968253968,0.9631147540983607,0.943089430894309,0.9830508474576272,116,7,119,2,244,0,41
fedavg_heagg,multimodal,none,0.9925863610074137,0.9932232205794956,0.03007518796992481,0.9528985507246377,0.9513888888888888,0.958041958041958,137,7,126,6,276,1,41
fedavg_heagg,multimodal,none,0.9944684944684944,0.9947798456271583,0.05555555555555555,0.9573643410852714,0.9481481481481482,0.9696969696969697,128,7,119,4,258,2,41
fedavg_heagg,multimodal,none,0.999113475177305,0.9993669540976015,0.0,0.9877551020408163,1.0,0.9787234042553191,138,0,104,3,245,3,41
fedavg_heagg,multimodal,none,0.9983585498144447,0.9984497077536995,0.008849557522123894,0.9704641350210971,0.9465648854961832,1.0,124,7,106,0,237,4,41
fedavg_heagg,multimodal,none,0.9973035439137135,0.997593101598729,0.01694915254237288,0.968,0.9558823529411765,0.9848484848484849,130,6,112,2,250,5,41
fedavg_heagg,multimodal,none,0.9978751225890814,0.998070095479332,0.0,0.9704797047970479,0.9577464788732394,0.9855072463768116,136,6,127,2,271,6,41
fedavg_heagg,multimodal,none,0.9979538690476191,0.9979954987207896,0.0078125,0.968503937007874,0.9609375,0.9761904761904762,123,5,123,3,254,7,41
fedavg_heagg,multimodal,none,0.9974881015335801,0.9974221520747028,0.016129032258064516,0.967479674796748,0.9453125,0.9918032786885246,121,7,117,1,246,8,41
fedavg_heagg,multimodal,none,0.9995712938352054,0.9995590821490175,0.0,0.9814814814814815,0.963963963963964,1.0,107,4,105,0,216,9,41
fedavg_heagg,multimodal,none,0.9956825657894737,0.9959169046756712,0.03508771929824561,0.9752066115702479,0.9621212121212122,0.9921875,127,5,109,1,242,10,41
fedavg_heagg,multimodal,none,0.9939859672569329,0.994966960532217,0.032520325203252036,0.9479553903345725,0.9285714285714286,0.9794520547945206,143,11,112,3,269,11,41
fedavg_heagg,multimodal,none,0.994278303326213,0.9940217854087126,0.04310344827586207,0.9606986899563319,0.940677966101695,0.9823008849557522,111,7,109,2,229,12,41
fedavg_heagg,multimodal,none,0.995147037519919,0.9950972309629506,0.025423728813559324,0.9617021276595744,0.9426229508196722,0.9829059829059829,115,7,111,2,235,13,41
fedavg_heagg,multimodal,none,0.9922918807810894,0.9894485100978503,0.014388489208633094,0.9584905660377359,0.9323308270676691,0.9841269841269841,124,9,130,2,265,14,41
fedavg_heagg,multimodal,none,0.9969113803753861,0.9964858932041881,0.028985507246376812,0.9769230769230769,0.9603174603174603,0.9918032786885246,121,5,133,1,260,15,41
fedavg_heagg,multimodal,none,0.9957883653593051,0.9951661008294936,0.04580152671755725,0.97165991902834,0.9504132231404959,0.9913793103448276,115,6,125,1,247,16,41
fedavg_heagg,multimodal,none,0.9981854838709677,0.9982803454281416,0.016666666666666666,0.9672131147540983,0.953125,0.9838709677419355,122,6,114,2,244,17,41
fedavg_heagg,multimodal,none,0.9992485238862051,0.9992890038967545,0.0,0.9706959706959707,0.9577464788732394,0.9855072463768116,136,6,129,2,273,18,41
fedavg_heagg,multimodal,none,0.993414599971977,0.9924314764754391,0.017094017094017096,0.9790794979079498,0.968,0.9918032786885246,121,4,113,1,239,19,41
fedavg_plain,multimodal,none,0.996560759908287,0.9955735994628127,0.014084507042253521,0.981549815498155,0.9696969696969697,0.9922480620155039,128,4,138,1,271,0,43
fedavg_plain,multimodal,none,0.9840685496667725,0.9847941157247246,0.05217391304347826,0.9365079365079365,0.9230769230769231,0.9635036496350365,132,11,104,5,252,1,43
fedavg_plain,multimodal,none,0.9935383820108555,0.9953795618458305,0.03773584905660377,0.9642857142857143,0.9536423841059603,0.9863013698630136,144,7,99,2,252,2,43
fedavg_plain,multimodal,none,0.9932120901639344,0.992185449863654,0.03125,0.968,0.9596774193548387,0.9754098360655737,119,5,123,3,250,3,43
fedavg_plain,multimodal,none,0.9947305028605841,0.9932834524709155,0.016260162601626018,0.9696969696969697,0.9391304347826087,1.0,108,7,116,0,231,4,43
fedavg_plain,multimodal,none,0.9951659451659451,0.9945418847504791,0.022727272727272728,0.9535864978902954,0.9196428571428571,0.9809523809523809,103,9,123,2,237,5,43
fedavg_plain,multimodal,none,0.9983837450935118,0.9982049618336408,0.0,0.9696969696969697,0.9384615384615385,1.0,122,8,134,0,264,6,43
fedavg_plain,multimodal,none,0.9962272171741324,0.9970131278965589,0.016260162601626018,0.9710144927536232,0.9801324503311258,0.9673202614379085,148,3,120,5,276,7,43
fedavg_plain,multimodal,none,0.9953551912568306,0.99562922035356,0.041666666666666664,0.9669421487603306,0.9523809523809523,0.9836065573770492,120,6,114,2,242,8,43
fedavg_plain,multimodal,none,0.9942419726324347,0.9934359548570693,0.024793388429752067,0.9794238683127572,0.968,0.9918032786885246,121,4,117,1,243,9,43
fedavg_plain,multimodal,none,0.9929347826086956,0.991921344703482,0.0234375,0.9753086419753086,0.9658119658119658,0.9826086956521739,113,4,124,2,243,10,43
fedavg_plain,multimodal,none,0.9969237780562835,0.9967455133316527,0.022388059701492536,0.9773584905660377,0.9699248120300752,0.9847328244274809,129,4,130,2,265,11,43
fedavg_plain,multimodal,none,0.9976635514018691,0.9981355714870813,0.0,0.9659574468085106,0.9615384615384616,0.9765625,125,5,102,3,235,12,43
fedavg_plain,multimodal,none,0.9976726964984661,0.9973725518059589,0.007246376811594203,0.9854545454545455,0.9784172661870504,0.9927007299270073,136,3,135,1,275,13,43
fedavg_plain,multimodal,none,0.9944631680308137,0.9942170710753014,0.008064516129032258,0.9651162790697675,0.9562043795620438,0.9776119402985075,131,6,118,3,258,14,43
fedavg_plain,multimodal,none,0.9991739738213241,0.9992255679379212,0.00819672131147541,0.9840637450199203,0.9844961240310077,0.9844961240310077,127,2,120,2,251,15,43
fedavg_plain,multimodal,none,0.9980002499687539,0.9979865082100888,0.015873015873015872,0.9762845849802372,0.9618320610687023,0.9921259842519685,126,5,121,1,253,16,43
fedavg_plain,multimodal,none,0.9997984277363435,0.999797317145359,0.0,0.9713114754098361,0.9453125,1.0,121,7,116,0,244,17,43
fedavg_plain,multimodal,none,0.9953304597701149,0.994484700909509,0.025,0.9830508474576272,0.9745762711864406,0.9913793103448276,115,3,117,1,236,18,43
fedavg_plain,multimodal,none,0.993900455432661,0.9936867782503462,0.05172413793103448,0.9504504504504504,0.9439252336448598,0.9528301886792453,101,6,110,5,222,19,43
fedprox_plain,multimodal,none,0.996560759908287,0.9955735994628127,0.014084507042253521,0.981549815498155,0.9696969696969697,0.9922480620155039,128,4,138,1,271,0,43
fedprox_plain,multimodal,none,0.9840685496667725,0.9847941157247246,0.05217391304347826,0.9365079365079365,0.9230769230769231,0.9635036496350365,132,11,104,5,252,1,43
fedprox_plain,multimodal,none,0.9935383820108555,0.9953795618458305,0.03773584905660377,0.9642857142857143,0.9536423841059603,0.9863013698630136,144,7,99,2,252,2,43
fedprox_plain,multimodal,none,0.9932120901639344,0.992185449863654,0.03125,0.968,0.9596774193548387,0.9754098360655737,119,5,123,3,250,3,43
fedprox_plain,multimodal,none,0.9947305028605841,0.9932834524709155,0.016260162601626018,0.9696969696969697,0.9391304347826087,1.0,108,7,116,0,231,4,43
fedprox_plain,multimodal,none,0.9951659451659451,0.9945418847504791,0.022727272727272728,0.9535864978902954,0.9196428571428571,0.9809523809523809,103,9,123,2,237,5,43
fedprox_plain,multimodal,none,0.9983837450935118,0.9982049618336408,0.0,0.9696969696969697,0.9384615384615385,1.0,122,8,134,0,264,6,43
fedprox_plain,multimodal,none,0.9962272171741324,0.9970131278965589,0.016260162601626018,0.9710144927536232,0.9801324503311258,0.9673202614379085,148,3,120,5,276,7,43
fedprox_plain,multimodal,none,0.9953551912568306,0.99562922035356,0.041666666666666664,0.9669421487603306,0.9523809523809523,0.9836065573770492,120,6,114,2,242,8,43
fedprox_plain,multimodal,none,0.9942419726324347,0.9934359548570693,0.024793388429752067,0.9794238683127572,0.968,0.9918032786885246,121,4,117,1,243,9,43
fedprox_plain,multimodal,none,0.9929347826086956,0.991921344703482,0.0234375,0.9753086419753086,0.9658119658119658,0.9826086956521739,113,4,124,2,243,10,43
fedprox_plain,multimodal,none,0.9968668109832517,0.9966918422281749,0.022388059701492536,0.9773584905660377,0.9699248120300752,0.9847328244274809,129,4,130,2,265,11,43
fedprox_plain,multimodal,none,0.9976635514018691,0.9981355714870813,0.0,0.9659574468085106,0.9615384615384616,0.9765625,125,5,102,3,235,12,43
fedprox_plain,multimodal,none,0.9976726964984661,0.9973725518059589,0.007246376811594203,0.9854545454545455,0.9784172661870504,0.9927007299270073,136,3,135,1,275,13,43
fedprox_plain,multimodal,none,0.9944631680308137,0.9942170710753014,0.008064516129032258,0.9651162790697675,0.9562043795620438,0.9776119402985075,131,6,118,3,258,14,43
fedprox_plain,multimodal,none,0.9991739738213241,0.9992255679379212,0.00819672131147541,0.9840637450199203,0.9844961240310077,0.9844961240310077,127,2,120,2,251,15,43
fedprox_plain,multimodal,none,0.9980002499687539,0.9979865082100888,0.015873015873015872,0.9762845849802372,0.9618320610687023,0.9921259842519685,126,5,121,1,253,16,43
fedprox_plain,multimodal,none,0.9997984277363435,0.999797317145359,0.0,0.9713114754098361,0.9453125,1.0,121,7,116,0,244,17,43
fedprox_plain,multimodal,none,0.9953304597701149,0.994484700909509,0.025,0.9830508474576272,0.9745762711864406,0.9913793103448276,115,3,117,1,236,18,43
fedprox_plain,multimodal,none,0.993900455432661,0.9936867782503462,0.05172413793103448,0.9504504504504504,0.9439252336448598,0.9528301886792453,101,6,110,5,222,19,43
fedavg_secureagg,multimodal,none,0.996560759908287,0.9955735994628127,0.014084507042253521,0.981549815498155,0.9696969696969697,0.9922480620155039,128,4,138,1,271,0,43
fedavg_secureagg,multimodal,none,0.9840685496667725,0.9847941157247246,0.05217391304347826,0.9365079365079365,0.9230769230769231,0.9635036496350365,132,11,104,5,252,1,43
fedavg_secureagg,multimodal,none,0.9935383820108555,0.9953795618458305,0.03773584905660377,0.9642857142857143,0.9536423841059603,0.9863013698630136,144,7,99,2,252,2,43
fedavg_secureagg,multimodal,none,0.9932120901639344,0.992185449863654,0.03125,0.968,0.9596774193548387,0.9754098360655737,119,5,123,3,250,3,43
fedavg_secureagg,multimodal,none,0.9947305028605841,0.9932834524709155,0.016260162601626018,0.9696969696969697,0.9391304347826087,1.0,108,7,116,0,231,4,43
fedavg_secureagg,multimodal,none,0.9951659451659451,0.9945418847504791,0.022727272727272728,0.9535864978902954,0.9196428571428571,0.9809523809523809,103,9,123,2,237,5,43
fedavg_secureagg,multimodal,none,0.9983837450935118,0.9982049618336408,0.0,0.9696969696969697,0.9384615384615385,1.0,122,8,134,0,264,6,43
fedavg_secureagg,multimodal,none,0.9962272171741324,0.9970131278965589,0.016260162601626018,0.9710144927536232,0.9801324503311258,0.9673202614379085,148,3,120,5,276,7,43
fedavg_secureagg,multimodal,none,0.9953551912568306,0.99562922035356,0.041666666666666664,0.9669421487603306,0.9523809523809523,0.9836065573770492,120,6,114,2,242,8,43
fedavg_secureagg,multimodal,none,0.9942419726324347,0.9934359548570693,0.024793388429752067,0.9794238683127572,0.968,0.9918032786885246,121,4,117,1,243,9,43
fedavg_secureagg,multimodal,none,0.9929347826086956,0.991921344703482,0.0234375,0.9753086419753086,0.9658119658119658,0.9826086956521739,113,4,124,2,243,10,43
fedavg_secureagg,multimodal,none,0.9969237780562835,0.9967455133316527,0.022388059701492536,0.9773584905660377,0.9699248120300752,0.9847328244274809,129,4,130,2,265,11,43
fedavg_secureagg,multimodal,none,0.9976635514018691,0.9981355714870813,0.0,0.9659574468085106,0.9615384615384616,0.9765625,125,5,102,3,235,12,43
fedavg_secureagg,multimodal,none,0.9976726964984661,0.9973725518059589,0.007246376811594203,0.9854545454545455,0.9784172661870504,0.9927007299270073,136,3,135,1,275,13,43
fedavg_secureagg,multimodal,none,0.9944631680308137,0.9942170710753014,0.008064516129032258,0.9651162790697675,0.9562043795620438,0.9776119402985075,131,6,118,3,258,14,43
fedavg_secureagg,multimodal,none,0.9991739738213241,0.9992255679379212,0.00819672131147541,0.9840637450199203,0.9844961240310077,0.9844961240310077,127,2,120,2,251,15,43
fedavg_secureagg,multimodal,none,0.9980002499687539,0.9979865082100888,0.015873015873015872,0.9762845849802372,0.9618320610687023,0.9921259842519685,126,5,121,1,253,16,43
fedavg_secureagg,multimodal,none,0.9997984277363435,0.999797317145359,0.0,0.9713114754098361,0.9453125,1.0,121,7,116,0,244,17,43
fedavg_secureagg,multimodal,none,0.9953304597701149,0.994484700909509,0.025,0.9830508474576272,0.9745762711864406,0.9913793103448276,115,3,117,1,236,18,43
fedavg_secureagg,multimodal,none,0.993900455432661,0.9936867782503462,0.05172413793103448,0.9504504504504504,0.9439252336448598,0.9528301886792453,101,6,110,5,222,19,43
fedavg_heagg,multimodal,none,0.996560759908287,0.9955735994628127,0.014084507042253521,0.981549815498155,0.9696969696969697,0.9922480620155039,128,4,138,1,271,0,43
fedavg_heagg,multimodal,none,0.9840685496667725,0.9847941157247246,0.05217391304347826,0.9365079365079365,0.9230769230769231,0.9635036496350365,132,11,104,5,252,1,43
fedavg_heagg,multimodal,none,0.9935383820108555,0.9953795618458305,0.03773584905660377,0.9642857142857143,0.9536423841059603,0.9863013698630136,144,7,99,2,252,2,43
fedavg_heagg,multimodal,none,0.9932120901639344,0.992185449863654,0.03125,0.968,0.9596774193548387,0.9754098360655737,119,5,123,3,250,3,43
fedavg_heagg,multimodal,none,0.9947305028605841,0.9932834524709155,0.016260162601626018,0.9696969696969697,0.9391304347826087,1.0,108,7,116,0,231,4,43
fedavg_heagg,multimodal,none,0.9951659451659451,0.9945418847504791,0.022727272727272728,0.9535864978902954,0.9196428571428571,0.9809523809523809,103,9,123,2,237,5,43
fedavg_heagg,multimodal,none,0.9983837450935118,0.9982049618336408,0.0,0.9696969696969697,0.9384615384615385,1.0,122,8,134,0,264,6,43
fedavg_heagg,multimodal,none,0.9962272171741324,0.9970131278965589,0.016260162601626018,0.9710144927536232,0.9801324503311258,0.9673202614379085,148,3,120,5,276,7,43
fedavg_heagg,multimodal,none,0.9953551912568306,0.99562922035356,0.041666666666666664,0.9669421487603306,0.9523809523809523,0.9836065573770492,120,6,114,2,242,8,43
fedavg_heagg,multimodal,none,0.9942419726324347,0.9934359548570693,0.024793388429752067,0.9794238683127572,0.968,0.9918032786885246,121,4,117,1,243,9,43
fedavg_heagg,multimodal,none,0.9929347826086956,0.991921344703482,0.0234375,0.9753086419753086,0.9658119658119658,0.9826086956521739,113,4,124,2,243,10,43
fedavg_heagg,multimodal,none,0.9969237780562835,0.9967455133316527,0.022388059701492536,0.9773584905660377,0.9699248120300752,0.9847328244274809,129,4,130,2,265,11,43
fedavg_heagg,multimodal,none,0.9976635514018691,0.9981355714870813,0.0,0.9659574468085106,0.9615384615384616,0.9765625,125,5,102,3,235,12,43
fedavg_heagg,multimodal,none,0.9976726964984661,0.9973725518059589,0.007246376811594203,0.9854545454545455,0.9784172661870504,0.9927007299270073,136,3,135,1,275,13,43
fedavg_heagg,multimodal,none,0.9944631680308137,0.9942170710753014,0.008064516129032258,0.9651162790697675,0.9562043795620438,0.9776119402985075,131,6,118,3,258,14,43
fedavg_heagg,multimodal,none,0.9991739738213241,0.9992255679379212,0.00819672131147541,0.9840637450199203,0.9844961240310077,0.9844961240310077,127,2,120,2,251,15,43
fedavg_heagg,multimodal,none,0.9980002499687539,0.9979865082100888,0.015873015873015872,0.9762845849802372,0.9618320610687023,0.9921259842519685,126,5,121,1,253,16,43
fedavg_heagg,multimodal,none,0.9997984277363435,0.999797317145359,0.0,0.9713114754098361,0.9453125,1.0,121,7,116,0,244,17,43
fedavg_heagg,multimodal,none,0.9953304597701149,0.994484700909509,0.025,0.9830508474576272,0.9745762711864406,0.9913793103448276,115,3,117,1,236,18,43
fedavg_heagg,multimodal,none,0.993900455432661,0.9936867782503462,0.05172413793103448,0.9504504504504504,0.9439252336448598,0.9528301886792453,101,6,110,5,222,19,43
fedavg_plain,multimodal,none,0.9905600204107666,0.9907720306158224,0.02564102564102564,0.9641434262948207,0.9496402877697842,0.9850746268656716,132,7,110,2,251,0,47
fedavg_plain,multimodal,none,0.9961225766103815,0.9959254877472693,0.023076923076923078,0.9683794466403162,0.9457364341085271,0.991869918699187,122,7,123,1,253,1,47
fedavg_plain,multimodal,none,0.9987820512820513,0.9986789283450128,0.007692307692307693,0.98,0.967479674796748,0.9916666666666667,119,4,126,1,250,2,47
fedavg_plain,multimodal,none,0.9963773584905661,0.9970322238236216,0.009433962264150943,0.961038961038961,0.9461538461538461,0.984,123,7,99,2,231,3,47
fedavg_plain,multimodal,none,0.9955963302752293,0.9944413564249337,0.016,0.9700854700854701,0.9636363636363636,0.9724770642201835,106,4,121,3,234,4,47
fedavg_plain,multimodal,none,0.9934118470149254,0.9934508382961742,0.0390625,0.950381679389313,0.9290780141843972,0.9776119402985075,131,10,118,3,262,5,47
fedavg_plain,multimodal,none,0.9949004975124378,0.9954115944553431,0.041666666666666664,0.9606299212598425,0.9492753623188406,0.9776119402985075,131,7,113,3,254,6,47
fedavg_plain,multimodal,none,0.9976064173890542,0.9978678743494546,0.025423728813559324,0.9678714859437751,0.948905109489051,0.9923664122137404,130,7,111,1,249,7,47
fedavg_plain,multimodal,none,0.9958289885297185,0.9970610824824528,0.02197802197802198,0.9692982456140351,0.9642857142857143,0.9854014598540146,135,5,86,2,228,8,47
fedavg_plain,multimodal,none,0.9981937446525335,0.9978801325986217,0.006369426751592357,0.9759450171821306,0.9635036496350365,0.9850746268656716,132,5,152,2,291,9,47
fedavg_plain,multimodal,none,0.9933511599335116,0.9906887144934767,0.0364963503649635,0.9621848739495799,0.9259259259259259,0.9900990099009901,100,8,129,1,238,10,47
fedavg_plain,multimodal,none,0.9966931216931217,0.9964243035416579,0.022727272727272728,0.9728682170542635,0.9612403100775194,0.9841269841269841,124,5,127,2,258,11,47
fedavg_plain,multimodal,none,0.9996456916099773,0.9996875156230469,0.0,0.9915966386554622,0.984375,1.0,126,2,110,0,238,12,47
fedavg_plain,multimodal,none,0.9985540775014459,0.9981581469990993,0.015037593984962405,0.9831223628691983,0.9629629629629629,1.0,104,4,129,0,237,13,47
fedavg_plain,multimodal,none,0.9920138268073186,0.9930798329231274,0.03361344537815126,0.9576923076923077,0.9513888888888888,0.9716312056737588,137,7,112,4,260,14,47
fedavg_plain,multimodal,none,0.9868270985401459,0.9863122793170389,0.0390625,0.9471698113207547,0.9361702127659575,0.9635036496350365,132,9,119,5,265,15,47
fedavg_plain,multimodal,none,0.9975922330097088,0.9980257434370615,0.019417475728155338,0.9692982456140351,0.9609375,0.984,123,5,98,2,228,16,47
fedavg_plain,multimodal,none,0.9971988795518207,0.99747114613399,0.025210084033613446,0.9637096774193549,0.9411764705882353,0.9922480620155039,128,8,111,1,248,17,47
fedavg_plain,multimodal,none,0.994390118373649,0.994734501532016,0.03731343283582089,0.956989247311828,0.934640522875817,0.9862068965517241,143,10,124,2,279,18,47
fedavg_plain,multimodal,none,0.9986758474576272,0.9988262174482027,0.0,0.9796747967479674,0.9694656488549618,0.9921875,127,4,114,1,246,19,47
fedprox_plain,multimodal,none,0.9905600204107666,0.9907720306158224,0.02564102564102564,0.9641434262948207,0.9496402877697842,0.9850746268656716,132,7,110,2,251,0,47
fedprox_plain,multimodal,none,0.9961225766103815,0.9959254877472693,0.023076923076923078,0.9683794466403162,0.9457364341085271,0.991869918699187,122,7,123,1,253,1,47
fedprox_plain,multimodal,none,0.9987820512820513,0.9986789283450128,0.007692307692307693,0.98,0.967479674796748,0.9916666666666667,119,4,126,1,250,2,47
fedprox_plain,multimodal,none,0.9963773584905661,0.9970322238236216,0.009433962264150943,0.961038961038961,0.9461538461538461,0.984,123,7,99,2,231,3,47
fedprox_plain,multimodal,none,0.9955963302752293,0.9944413564249337,0.016,0.9700854700854701,0.9636363636363636,0.9724770642201835,106,4,121,3,234,4,47
fedprox_plain,multimodal,none,0.9933535447761194,0.9933960290668178,0.0390625,0.950381679389313,0.9290780141843972,0.9776119402985075,131,10,118,3,262,5,47
fedprox_plain,multimodal,none,0.9948383084577115,0.9953405212499415,0.041666666666666664,0.9606299212598425,0.9492753623188406,0.9776119402985075,131,7,113,3,254,6,47
fedprox_plain,multimodal,none,0.9976064173890542,0.9978678743494546,0.025423728813559324,0.9678714859437751,0.948905109489051,0.9923664122137404,130,7,111,1,249,7,47
fedprox_plain,multimodal,none,0.9958289885297185,0.9970610824824528,0.02197802197802198,0.9692982456140351,0.9642857142857143,0.9854014598540146,135,5,86,2,228,8,47
fedprox_plain,multimodal,none,0.9981462116170738,0.9978322398783153,0.006369426751592357,0.9759450171821306,0.9635036496350365,0.9850746268656716,132,5,152,2,291,9,47
fedprox_plain,multimodal,none,0.9933511599335116,0.9906887144934767,0.0364963503649635,0.9621848739495799,0.9259259259259259,0.9900990099009901,100,8,129,1,238,10,47
fedprox_plain,multimodal,none,0.9966931216931217,0.9964243035416579,0.022727272727272728,0.9728682170542635,0.9612403100775194,0.9841269841269841,124,5,127,2,258,11,47
fedprox_plain,multimodal,none,0.9996456916099773,0.9996875156230469,0.0,0.9915966386554622,0.984375,1.0,126,2,110,0,238,12,47
fedprox_plain,multimodal,none,0.9985540775014459,0.9981581469990993,0.015037593984962405,0.9831223628691983,0.9629629629629629,1.0,104,4,129,0,237,13,47
fedprox_plain,multimodal,none,0.9920138268073186,0.9930798329231274,0.03361344537815126,0.9576923076923077,0.9513888888888888,0.9716312056737588,137,7,112,4,260,14,47
fedprox_plain,multimodal,none,0.9868270985401459,0.9863122793170389,0.0390625,0.9471698113207547,0.9361702127659575,0.9635036496350365,132,9,119,5,265,15,47
fedprox_plain,multimodal,none,0.9975922330097088,0.9980257434370615,0.019417475728155338,0.9692982456140351,0.9609375,0.984,123,5,98,2,228,16,47
fedprox_plain,multimodal,none,0.9971337372158167,0.9974120147172776,0.025210084033613446,0.9637096774193549,0.9411764705882353,0.9922480620155039,128,8,111,1,248,17,47
fedprox_plain,multimodal,none,0.9943386515697374,0.9946961609139653,0.03731343283582089,0.956989247311828,0.934640522875817,0.9862068965517241,143,10,124,2,279,18,47
fedprox_plain,multimodal,none,0.9986758474576272,0.9988262174482027,0.0,0.9796747967479674,0.9694656488549618,0.9921875,127,4,114,1,246,19,47
fedavg_secureagg,multimodal,none,0.9905600204107666,0.9907720306158224,0.02564102564102564,0.9641434262948207,0.9496402877697842,0.9850746268656716,132,7,110,2,251,0,47
fedavg_secureagg,multimodal,none,0.9961225766103815,0.9959254877472693,0.023076923076923078,0.9683794466403162,0.9457364341085271,0.991869918699187,122,7,123,1,253,1,47
fedavg_secureagg,multimodal,none,0.9987820512820513,0.9986789283450128,0.007692307692307693,0.98,0.967479674796748,0.9916666666666667,119,4,126,1,250,2,47
fedavg_secureagg,multimodal,none,0.9963773584905661,0.9970322238236216,0.009433962264150943,0.961038961038961,0.9461538461538461,0.984,123,7,99,2,231,3,47
fedavg_secureagg,multimodal,none,0.9955963302752293,0.9944413564249337,0.016,0.9700854700854701,0.9636363636363636,0.9724770642201835,106,4,121,3,234,4,47
fedavg_secureagg,multimodal,none,0.9934118470149254,0.9934508382961742,0.0390625,0.950381679389313,0.9290780141843972,0.9776119402985075,131,10,118,3,262,5,47
fedavg_secureagg,multimodal,none,0.9949004975124378,0.9954115944553431,0.041666666666666664,0.9606299212598425,0.9492753623188406,0.9776119402985075,131,7,113,3,254,6,47
fedavg_secureagg,multimodal,none,0.9976064173890542,0.9978678743494546,0.025423728813559324,0.9678714859437751,0.948905109489051,0.9923664122137404,130,7,111,1,249,7,47
fedavg_secureagg,multimodal,none,0.9958289885297185,0.9970610824824528,0.02197802197802198,0.9692982456140351,0.9642857142857143,0.9854014598540146,135,5,86,2,228,8,47
fedavg_secureagg,multimodal,none,0.9981937446525335,0.9978801325986217,0.006369426751592357,0.9759450171821306,0.9635036496350365,0.9850746268656716,132,5,152,2,291,9,47
fedavg_secureagg,multimodal,none,0.9933511599335116,0.9906887144934767,0.0364963503649635,0.9621848739495799,0.9259259259259259,0.9900990099009901,100,8,129,1,238,10,47
fedavg_secureagg,multimodal,none,0.9966931216931217,0.9964243035416579,0.022727272727272728,0.9728682170542635,0.9612403100775194,0.9841269841269841,124,5,127,2,258,11,47
fedavg_secureagg,multimodal,none,0.9996456916099773,0.9996875156230469,0.0,0.9915966386554622,0.984375,1.0,126,2,110,0,238,12,47
fedavg_secureagg,multimodal,none,0.9985540775014459,0.9981581469990993,0.015037593984962405,0.9831223628691983,0.9629629629629629,1.0,104,4,129,0,237,13,47
fedavg_secureagg,multimodal,none,0.9920138268073186,0.9930798329231274,0.03361344537815126,0.9576923076923077,0.9513888888888888,0.9716312056737588,137,7,112,4,260,14,47
fedavg_secureagg,multimodal,none,0.9868270985401459,0.9863122793170389,0.0390625,0.9471698113207547,0.9361702127659575,0.9635036496350365,132,9,119,5,265,15,47
fedavg_secureagg,multimodal,none,0.9975922330097088,0.9980257434370615,0.019417475728155338,0.9692982456140351,0.9609375,0.984,123,5,98,2,228,16,47
fedavg_secureagg,multimodal,none,0.9971988795518207,0.99747114613399,0.025210084033613446,0.9637096774193549,0.9411764705882353,0.9922480620155039,128,8,111,1,248,17,47
fedavg_secureagg,multimodal,none,0.994390118373649,0.994734501532016,0.03731343283582089,0.956989247311828,0.934640522875817,0.9862068965517241,143,10,124,2,279,18,47
fedavg_secureagg,multimodal,none,0.9986758474576272,0.9988262174482027,0.0,0.9796747967479674,0.9694656488549618,0.9921875,127,4,114,1,246,19,47
fedavg_heagg,multimodal,none,0.9905600204107666,0.9907720306158224,0.02564102564102564,0.9641434262948207,0.9496402877697842,0.9850746268656716,132,7,110,2,251,0,47
fedavg_heagg,multimodal,none,0.9961225766103815,0.9959254877472693,0.023076923076923078,0.9683794466403162,0.9457364341085271,0.991869918699187,122,7,123,1,253,1,47
fedavg_heagg,multimodal,none,0.9987820512820513,0.9986789283450128,0.007692307692307693,0.98,0.967479674796748,0.9916666666666667,119,4,126,1,250,2,47
fedavg_heagg,multimodal,none,0.9963773584905661,0.9970322238236216,0.009433962264150943,0.961038961038961,0.9461538461538461,0.984,123,7,99,2,231,3,47
fedavg_heagg,multimodal,none,0.9955963302752293,0.9944413564249337,0.016,0.9700854700854701,0.9636363636363636,0.9724770642201835,106,4,121,3,234,4,47
fedavg_heagg,multimodal,none,0.9934118470149254,0.9934508382961742,0.0390625,0.950381679389313,0.9290780141843972,0.9776119402985075,131,10,118,3,262,5,47
fedavg_heagg,multimodal,none,0.9949004975124378,0.9954115944553431,0.041666666666666664,0.9606299212598425,0.9492753623188406,0.9776119402985075,131,7,113,3,254,6,47
fedavg_heagg,multimodal,none,0.9976064173890542,0.9978678743494546,0.025423728813559324,0.9678714859437751,0.948905109489051,0.9923664122137404,130,7,111,1,249,7,47
fedavg_heagg,multimodal,none,0.9958289885297185,0.9970610824824528,0.02197802197802198,0.9692982456140351,0.9642857142857143,0.9854014598540146,135,5,86,2,228,8,47
fedavg_heagg,multimodal,none,0.9981937446525335,0.9978801325986217,0.006369426751592357,0.9759450171821306,0.9635036496350365,0.9850746268656716,132,5,152,2,291,9,47
fedavg_heagg,multimodal,none,0.9933511599335116,0.9906887144934767,0.0364963503649635,0.9621848739495799,0.9259259259259259,0.9900990099009901,100,8,129,1,238,10,47
fedavg_heagg,multimodal,none,0.9966931216931217,0.9964243035416579,0.022727272727272728,0.9728682170542635,0.9612403100775194,0.9841269841269841,124,5,127,2,258,11,47
fedavg_heagg,multimodal,none,0.9996456916099773,0.9996875156230469,0.0,0.9915966386554622,0.984375,1.0,126,2,110,0,238,12,47
fedavg_heagg,multimodal,none,0.9985540775014459,0.9981581469990993,0.015037593984962405,0.9831223628691983,0.9629629629629629,1.0,104,4,129,0,237,13,47
fedavg_heagg,multimodal,none,0.9920138268073186,0.9930798329231274,0.03361344537815126,0.9576923076923077,0.9513888888888888,0.9716312056737588,137,7,112,4,260,14,47
fedavg_heagg,multimodal,none,0.9868270985401459,0.9863122793170389,0.0390625,0.9471698113207547,0.9361702127659575,0.9635036496350365,132,9,119,5,265,15,47
fedavg_heagg,multimodal,none,0.9975922330097088,0.9980257434370615,0.019417475728155338,0.9692982456140351,0.9609375,0.984,123,5,98,2,228,16,47
fedavg_heagg,multimodal,none,0.9971988795518207,0.99747114613399,0.025210084033613446,0.9637096774193549,0.9411764705882353,0.9922480620155039,128,8,111,1,248,17,47
fedavg_heagg,multimodal,none,0.994390118373649,0.994734501532016,0.03731343283582089,0.956989247311828,0.934640522875817,0.9862068965517241,143,10,124,2,279,18,47
fedavg_heagg,multimodal,none,0.9986758474576272,0.9988262174482027,0.0,0.9796747967479674,0.9694656488549618,0.9921875,127,4,114,1,246,19,47
